origins,destinations,path,free_flow_time
1,161,192681919#0 192681919#4 192681919#11 495512233#0 495512233#5 1277850602#2 -27119604#1 -1251764509#1 34077096 1250499162#1 27366356#0 -495532715#2 4306201#0 4306199#0 647491744#0 4306197#1 184901480#1,3.3868839629899377
2,2,27366235#0 -895037056#3 1303870061 34077097#5 -495532715#14 -495532715#2 4306201#0 4306199#0 647491744#0 4306197#1 184901480#1 -258918251#1 -258918254#5 -258918254#2 -258918252 137166963#2 137166963#3 137166963#4 28830924 28830924.43 304405005 25382810 1246403281 304405015 137166974 1174829581 298325431 298292296 298292142 304404972 304404981 1282200035 304404966 43167162#1-AddedOffRampEdge 184905676#1 304437965 304437948 304437971 137602290 304437957 304437980 371954044 371643232 304443811 304443816 304443813 304443810 1081642035 1194467327 304443809 304443808 304443814 304443815#0 304443815#1 371643240#0 184912169 304449280 304449282 1194474086 1194474088 683885955 34077048 34077049 371954051 304451627 33521942 304451621 371954052 1189211360 371956321 31269881#0 43346331#0 1316288013 304476606 4212603#3 4212603#4 1194954747#0 1194954753 26825652#0 1194954756 1194954759 35192917 1194954761 -711517860 24765230#1 -335329133 1243611183 93293343#2 93293343#3 93293343#4 93293343#5 93293343#6 1282534770 35192918 1280026025 70573572 1355624955#2 35164919#0 184904894#0 E6 30924344#1 136646886#1 andermatt_exit,25.86747641826585
3,3,-4306200#9 495532715#0 -675371951#0 -976400125 -34077096 -446473442#6 -24210993#4 -939461796#1 -939461796#0 -495512239 -1157660629#1 -184903361#2 -1204306717 -446397842 -27742818#1 495512237 233783355 233787412#1 142887422#2 142887422#3 142887422#4 265803667 -1207509568 846228215#1 1234909131 27743167#0 1248859920,3.913398821492792
8,191,1221385239#0 184902356#1 184902356#2 686911532#0 686911532#2 1221385265#0 1221385265#1 burglen_exit 686911533#10 686911533#11 686911533#12 686911533#13 686911533#14 686911533#16 39189078#0 975786587#0 1225169384#0 184919234 1221064457#0 975786591#0 975786592 1228711737,10.060159793672028
9,9,-495532715#14 -675371951#0 4306228#8 34077097#4 -26980566#0 -26980537#3 -26980537#1 -4334004#4 altdorf_exit,1.0655938401278437
10,10,-26980566#0 -26980537#3 -26980537#1 -4334004#4 altdorf_exit -493345875#3,0.7493425591979053
11,11,1303870061 -34077097#4 -34077097#3 27366235#0 -895037056#3 1303870061,0.595089742160363
12,12,4334004#1 26980537#1 26980537#3 1303870061 34077097#5 altdorf_entry,0.8733503768678098
14,0,976400124 -4306197#4 -647491744#1 -4306199#4 4306228#0 4306228#5 4306228#6 -976400125 -34077096 1251764509#1 27119604#0 -1277850602#3 -1277850602#1 -495512233#2 -1229554035#1 -192681919#9 -192681919#3,3.1148463144380965
14,13,976400124 -4306197#4 -647491744#1 -4306199#4 -4306200#9 495532715#0 495532715#3 altdorf_entry 4334004#1 1057663492#0 27665110#0 27665110#2 27665110#5 496300699#0 496300699#1 345246838 184901801#0 4334011#3 27122977#0 27122977#3 27122977#7 1175379984 1175379985#0 139960779#1 184905382 40153586 110493362#0 110493362#2 1243554241#0 -1246004176#2 -27744527#3 495510482#0 975788276#0 1179840015 1179840018 495509368#1 139960776#1 1227355874,6.021928832376073
14,14,976400124 -4306197#4 -647491744#1 -27120166#10 -27120166#7 -496298784#4 -27119888 -1177921349#4 -1177921349#2 -1177921349#0 -939461795 -27119835 -493400119 -495512239 -1157660629#1 -184903361#2 -1204306717 -446397842 -27742818#1 495512237 495512235 495512236 -1207509566 -1305315502 -1215806167 -110927098#2,4.788337030896468
15,7,-184901801#1 -184901800 496300699#2 496300699#3 -1213439396 -27665110#4 -27665110#1 -192681915#1 -4334004#4 altdorf_exit -495532715#14 -495532715#2 4306201#0 4306199#0 -27120166#10 -27120166#7 -496298784#4 -28830807#0 -1177921351 -26195249#1 -981333088#3 -981333088#2 -24356948 -24356947 -1177096612 28830804#0 48927463#0 48927435#0 72538321 -40335030#0 -495510481#2 -723393200 -778833367#0,5.563042150389217
15,61,-184901801#1 -184901800 496300699#2 496300699#3 -1213439396 -27665110#4 -27665110#1 -192681915#1 -4334004#4 altdorf_exit -495532715#14 -495532715#2 4306201#0 4306199#0 -27120166#10 -27120166#7 -496298784#4 -28830807#0 -1177921351 -26195249#1 -981333088#3 -981333088#2 -24356948 -24356947 -1177096612 -184917265#1 seefeld_exit -486406647#6,3.901724996973247
15,165,-184901801#1 -184901800 496300699#2 496300699#3 -1213439396 -27665110#4 -27665110#1 -192681915#1 -4334004#4 altdorf_exit -495532715#14 -495532715#2 4306201#0 4306199#0 647491744#0 4306197#1 184901480#1 -258918251#1 -258918254#5 -258918254#2 -258918252 137166963#2 137166963#3 -1177928068 -137261949#0 -1154864514 -1154864513 -1177928069,4.667411989164442
15,184,-184901801#1 -184901800 496300699#2 496300699#3 -1213439396 -27665110#4 -27665110#1 -192681915#1 -4334004#4 altdorf_exit -495532715#14 -495532715#2 4306201#0 4306199#0 647491744#0 4306197#1 184901480#1 -258918251#1 -258918254#5 -258918254#2 -258918252 137166963#2 4275898 982048017 982048015 40453606#0 1268628417 4316551 43197358 171962377#0 1177966477 982048012 -4316554 axenstrasse_exit,7.6147905482723015
16,16,-1234022742#1 -33527204 -33527203 -43202844 amsteg_entry -1155226217 -48875753 -184904443#2 -1233796574#1 -1155226185 -738718554#0 -8135465#4 -8135465#1 -1029849448 -738718556#0 -1081667875#1 -110431139#1 -110431158 -837546202#4 -837546202#0 -378131054#3 -738798589#0 -738798587#0 -1233790711 -4214427#1 -851173837#2 -1233790705#0 -48875774 -184907621#3 -1157181088 -305871543#11 -305871543#7 -305871543#5 -305871543#3 erstfeld_entry -836109912#26 -836109912#22 -836109912#19 -836109912#10 -836109912#6 -836109912#5 -836109912#1 -23725641#2 -23725641#1,8.50985858076674
17,17,738718556#1 8135465#0 8135465#2 8135465#5 184904444 1233796574#0 184904443#1 48875753 1155226217 136646900 802701450 136646905 43202568 304443814 304443815#0 304443815#1 371643240#0 184912169 304449280 304449282 1194474086 1194474088 683885955 34077048 34077049 371954051 1267880145 26245624 1239461761 477570852 1239461755#1 477570859#1 477570853#0 1194474094#0,8.137877874210957
18,18,andermatt_entry -136646886#4 -136646886#0 E5 E7 -184904895 -35164919#2 -1355624955#4 -1355624955#1 -1280026025 -35192918 93293334 93293343#8 335329132 335329133 -24765232 -24765230#0 -26825644 -35192917 -1194954759 -619870904 -1194954755 -1194954753 -1194954747#1 4212603#5 4212603#1 goeschenen_einfahrt 4212611 1316288014 1255318897 803039921 1246133442 372097229 304451629 304451625 1239461754 304451624 33527190#0 52907513#0 40653036#1 136646884 304443818 304443817 52907514 34077075#1 1255326319 34077077#1 304439899 304439901 304439900 1282201319 304439898 1282200037 304437963 304437983 304437974 304437951#0 304437951#0-AddedOffRampEdge 304437951#1 304437960 304437978 137166951 304404987 304404987-AddedOffRampEdge 298292686#0 298292686#1 1184058091 258918300 298293210 291765005 304405012 304405009 -304405005 -28830924 137166963#1 1320061334 258918254#0 258918254#3 258918254#6 976400124 -4306197#4 -647491744#1 -4306199#4 -4306200#9 495532715#0 495532715#3 -493345875#3 -26980566#0 895037056#1 -27366235#4,25.415773093656504
19,19,-136646886#4 -136646886#0 E5 E7 -184904895 -35164919#2 -1355624955#4 -1355624955#1 -1280026025 -35192918 93293334 93293343#8 335329132 335329133 -24765232 -24765230#0 -26825644 -35192917 -1194954759 -1194954760 -1311468392 -70573586 -24545864#1 goeschenen_entry -109528130#2 -109528130#1 -230703524 -629110690 -1255318895 -10046129#1,5.920465378440008
20,20,-96073655#3 -27743167#9 -48924448 244198642#1 359411402 314714553 142887422#0 233783354#0 233783354#1 495512236 265803670#0 1207509565 446397842 1204306714 184903367 939461794#0 495512239 939461796#0 939461796#1 24210993#0 446473442#1 34077096 1250499162#1 27366356#0 -495532715#2 4306201#0,4.165739236009148
39,5,-493345875#3 -34077097#4 -34077097#3 -34077097#1 -34077096 -446473442#6 -24210993#4 -939461796#1 -939461796#0 -495512239 -1157660629#1 -184903361#2 -1204306717 -446397842 -27742818#1 495512237 495512235 495512236 -1207509566 -1305315502 -1215806167 -110927098#2 1227355871#1 175771446#1 1227355865 1227355867 382397062 1227355864 175771445#0 645643600 537680525 500049926#3 500049926#4 500049926#5 537680524#0 985130595 645643597 1157181114 23725641#0 23725641#2 836109912#0 836109912#2 836109912#6 836109912#7 836109912#12 836109912#21 836109912#25 erstfeld_exit 305871543#3 305871543#4 305871543#7 305871543#8 305871543#12,8.142546484635231
39,61,-493345875#3 -34077097#4 -34077097#3 -34077097#1 -974810234#0 -1320061329#4 -1320061329#2 -446471813#3 -974810233#1 -496298784#4 -28830807#0 -1177921351 -26195249#1 -981333088#3 -981333088#2 -24356948 -24356947 -1177096612 -184917265#1 seefeld_exit -486406647#6,2.9526208340697853
53,22,axenstrasse_entry 1177966442 1177966445 -49714610#1 -171962377#1 -43197358 -4316551 -1268628417 -982048014 -982048015 -137261958 -4275898 137166963#3 137166963#4 137166963#1 1320061334 258918254#0 258918254#3 258918254#6 976400124 -4306197#4 -647491744#1 -4306199#4 -4306200#9 495532715#0 495532715#3 altdorf_entry 4334004#1 1057663492#0 27665110#0 27665110#2 27665110#5 496300699#0 496300699#1 345246838 184901801#0 4334011#3 4334011#1 27665034#0 1221385239#0 184902356#1 184902356#2 686911532#0 686911532#2 1221385265#0 1221385265#1 burglen_exit 686911533#10 686911533#11 686911533#12 686911533#13 686911533#14 686911533#16,11.580309376356492
53,163,axenstrasse_entry 1177966442 1177966445 -49714610#1 -171962377#1 -43197358 -4316551 -1268628417 -982048014 -982048015 -137261958 -4275898 137166963#3 137166963#4 137166963#1 1320061334 258918254#0 258918254#3 258918254#6 976400124 -4306197#4 -647491744#1 -4306199#4 -4306200#9 495532715#0 495532715#3 altdorf_entry 4334004#1 1057663492#0 27665110#0 27665110#2 27665110#5 496300699#0 496300699#1 345246838 184901801#0,8.392434211891857
53,182,axenstrasse_entry 1177966442 1177966445 -49714610#1 -171962377#1 -43197358 -4316551 -1268628417 -982048014 -982048015 E14 E15 28830924.43 304405005 25382810 1246403281 304405015 137166974 1174829581 298325431 298292296 298292142 304404972 304404981 1282200035 304404966 43167162#1-AddedOffRampEdge 184905676#1 304437965 304437948 304437971 137602290 304437957 304437980 371954044 371643232 304443811 304443816 304443813 304443810 1081642035 1194467327 304443809 304443808 304443814 304443815#0 304443815#1 371643240#0 184912169 304449280 304449282 1194474086 1194474088 683885955 34077048 34077049 371954051 304451627 33521942 304451621 371954052 1189211360 371956321 31269881#0 304451628#0 304451626 304451630 304476717 304476718#0 4214708,22.387399720134518
53,182,axenstrasse_entry 1177966442 1177966445 -49714610#1 -171962377#1 -43197358 -4316551 -1268628417 -982048014 -982048015 E14 E15 28830924.43 304405005 25382810 1246403281 304405015 137166974 1174829581 298325431 298292296 298292142 304404972 304404981 1282200035 304404966 43167162#1-AddedOffRampEdge 184905676#1 304437965 304437948 304437971 137602290 304437957 304437980 371954044 371643232 304443811 304443816 304443813 304443810 1081642035 1194467327 304443809 304443808 304443814 304443815#0 304443815#1 371643240#0 184912169 304449280 304449282 1194474086 1194474088 683885955 34077048 34077049 371954051 304451627 33521942 304451621 371954052 1189211360 371956321 31269881#0 304451628#0 304451626 304451630 304476717 304476718#0 4214708,22.387399720134518
53,182,axenstrasse_entry 1177966442 1177966445 -49714610#1 -171962377#1 -43197358 -4316551 -1268628417 -982048014 -982048015 E14 E15 28830924.43 304405005 25382810 1246403281 304405015 137166974 1174829581 298325431 298292296 298292142 304404972 304404981 1282200035 304404966 43167162#1-AddedOffRampEdge 184905676#1 304437965 304437948 304437971 137602290 304437957 304437980 371954044 371643232 304443811 304443816 304443813 304443810 1081642035 1194467327 304443809 304443808 304443814 304443815#0 304443815#1 371643240#0 184912169 304449280 304449282 1194474086 1194474088 683885955 34077048 34077049 371954051 304451627 33521942 304451621 371954052 1189211360 371956321 31269881#0 304451628#0 304451626 304451630 304476717 304476718#0 4214708,22.387399720134518
53,182,axenstrasse_entry 1177966442 1177966445 -49714610#1 -171962377#1 -43197358 -4316551 -1268628417 -982048014 -982048015 E14 E15 28830924.43 304405005 25382810 1246403281 304405015 137166974 1174829581 298325431 298292296 298292142 304404972 304404981 1282200035 304404966 43167162#1-AddedOffRampEdge 184905676#1 304437965 304437948 304437971 137602290 304437957 304437980 371954044 371643232 304443811 304443816 304443813 304443810 1081642035 1194467327 304443809 304443808 304443814 304443815#0 304443815#1 371643240#0 184912169 304449280 304449282 1194474086 1194474088 683885955 34077048 34077049 371954051 304451627 33521942 304451621 371954052 1189211360 371956321 31269881#0 304451628#0 304451626 304451630 304476717 304476718#0 4214708,22.387399720134518
53,182,axenstrasse_entry 1177966442 1177966445 -49714610#1 -171962377#1 -43197358 -4316551 -1268628417 -982048014 -982048015 E14 E15 28830924.43 304405005 25382810 1246403281 304405015 137166974 1174829581 298325431 298292296 298292142 304404972 304404981 1282200035 304404966 43167162#1-AddedOffRampEdge 184905676#1 304437965 304437948 304437971 137602290 304437957 304437980 371954044 371643232 304443811 304443816 304443813 304443810 1081642035 1194467327 304443809 304443808 304443814 304443815#0 304443815#1 371643240#0 184912169 304449280 304449282 1194474086 1194474088 683885955 34077048 34077049 371954051 304451627 33521942 304451621 371954052 1189211360 371956321 31269881#0 304451628#0 304451626 304451630 304476717 304476718#0 4214708,22.387399720134518
53,182,axenstrasse_entry 1177966442 1177966445 -49714610#1 -171962377#1 -43197358 -4316551 -1268628417 -982048014 -982048015 E14 E15 28830924.43 304405005 25382810 1246403281 304405015 137166974 1174829581 298325431 298292296 298292142 304404972 304404981 1282200035 304404966 43167162#1-AddedOffRampEdge 184905676#1 304437965 304437948 304437971 137602290 304437957 304437980 371954044 371643232 304443811 304443816 304443813 304443810 1081642035 1194467327 304443809 304443808 304443814 304443815#0 304443815#1 371643240#0 184912169 304449280 304449282 1194474086 1194474088 683885955 34077048 34077049 371954051 304451627 33521942 304451621 371954052 1189211360 371956321 31269881#0 304451628#0 304451626 304451630 304476717 304476718#0 4214708,22.387399720134518
53,182,axenstrasse_entry 1177966442 1177966445 -49714610#1 -171962377#1 -43197358 -4316551 -1268628417 -982048014 -982048015 E14 E15 28830924.43 304405005 25382810 1246403281 304405015 137166974 1174829581 298325431 298292296 298292142 304404972 304404981 1282200035 304404966 43167162#1-AddedOffRampEdge 184905676#1 304437965 304437948 304437971 137602290 304437957 304437980 371954044 371643232 304443811 304443816 304443813 304443810 1081642035 1194467327 304443809 304443808 304443814 304443815#0 304443815#1 371643240#0 184912169 304449280 304449282 1194474086 1194474088 683885955 34077048 34077049 371954051 304451627 33521942 304451621 371954052 1189211360 371956321 31269881#0 304451628#0 304451626 304451630 304476717 304476718#0 4214708,22.387399720134518
53,182,axenstrasse_entry 1177966442 1177966445 -49714610#1 -171962377#1 -43197358 -4316551 -1268628417 -982048014 -982048015 E14 E15 28830924.43 304405005 25382810 1246403281 304405015 137166974 1174829581 298325431 298292296 298292142 304404972 304404981 1282200035 304404966 43167162#1-AddedOffRampEdge 184905676#1 304437965 304437948 304437971 137602290 304437957 304437980 371954044 371643232 304443811 304443816 304443813 304443810 1081642035 1194467327 304443809 304443808 304443814 304443815#0 304443815#1 371643240#0 184912169 304449280 304449282 1194474086 1194474088 683885955 34077048 34077049 371954051 304451627 33521942 304451621 371954052 1189211360 371956321 31269881#0 304451628#0 304451626 304451630 304476717 304476718#0 4214708,22.387399720134518
53,182,axenstrasse_entry 1177966442 1177966445 -49714610#1 -171962377#1 -43197358 -4316551 -1268628417 -982048014 -982048015 E14 E15 28830924.43 304405005 25382810 1246403281 304405015 137166974 1174829581 298325431 298292296 298292142 304404972 304404981 1282200035 304404966 43167162#1-AddedOffRampEdge 184905676#1 304437965 304437948 304437971 137602290 304437957 304437980 371954044 371643232 304443811 304443816 304443813 304443810 1081642035 1194467327 304443809 304443808 304443814 304443815#0 304443815#1 371643240#0 184912169 304449280 304449282 1194474086 1194474088 683885955 34077048 34077049 371954051 304451627 33521942 304451621 371954052 1189211360 371956321 31269881#0 304451628#0 304451626 304451630 304476717 304476718#0 4214708,22.387399720134518
53,182,axenstrasse_entry 1177966442 1177966445 -49714610#1 -171962377#1 -43197358 -4316551 -1268628417 -982048014 -982048015 E14 E15 28830924.43 304405005 25382810 1246403281 304405015 137166974 1174829581 298325431 298292296 298292142 304404972 304404981 1282200035 304404966 43167162#1-AddedOffRampEdge 184905676#1 304437965 304437948 304437971 137602290 304437957 304437980 371954044 371643232 304443811 304443816 304443813 304443810 1081642035 1194467327 304443809 304443808 304443814 304443815#0 304443815#1 371643240#0 184912169 304449280 304449282 1194474086 1194474088 683885955 34077048 34077049 371954051 304451627 33521942 304451621 371954052 1189211360 371956321 31269881#0 304451628#0 304451626 304451630 304476717 304476718#0 4214708,22.387399720134518
53,182,axenstrasse_entry 1177966442 1177966445 -49714610#1 -171962377#1 -43197358 -4316551 -1268628417 -982048014 -982048015 E14 E15 28830924.43 304405005 25382810 1246403281 304405015 137166974 1174829581 298325431 298292296 298292142 304404972 304404981 1282200035 304404966 43167162#1-AddedOffRampEdge 184905676#1 304437965 304437948 304437971 137602290 304437957 304437980 371954044 371643232 304443811 304443816 304443813 304443810 1081642035 1194467327 304443809 304443808 304443814 304443815#0 304443815#1 371643240#0 184912169 304449280 304449282 1194474086 1194474088 683885955 34077048 34077049 371954051 304451627 33521942 304451621 371954052 1189211360 371956321 31269881#0 304451628#0 304451626 304451630 304476717 304476718#0 4214708,22.387399720134518
53,187,axenstrasse_entry 1177966442 1177966445 -49714610#1 -171962377#1 -43197358 -4316551 -1268628417 -982048014 -982048015 E14 E15 28830924.43 304405005 25382810 1246403281 304405015 137166974 1174829581 298325431 298292296 298292142 304404972 304404981 1282200035 304404966 43167162#1-AddedOffRampEdge 184905676#1 304437965 304437948 304437971 137602290 304437957 304437980 371954044 371643232 304443811 304443816 304443813 304443810 1081642035 1194467327 304443809 304443808 304443814 304443815#0 304443815#1 371643240#0 184912169 304449280 304449282 1194474086 1194474088 683885955 34077048 34077049 371954051 304451627 33521942 304451621 371954052 1189211360 371956321 31269881#0 43346331#0 1316288013 304476606 4212603#3 4212603#4 1194954747#0 1194954753 26825652#0 1194954756 1194954759 35192917 1194954761 -711517860 24765230#1 -335329133 1243611183 93293343#2 93293343#3 93293343#4 39492748 -51862993 -302189132#1 -302189132#0 -26824393 -1125292400 -22720752#3 -1125292399 -22724226#1 70573579 1195038724 1022910646 1125292398 47999383 1125292387 356366086 1243611190#1 30657188#3 1243611191 1125292389#0 1125292390#0 1125292390#1 184913667,31.4075673793389
53,187,axenstrasse_entry 1177966442 1177966445 -49714610#1 -171962377#1 -43197358 -4316551 -1268628417 -982048014 -982048015 E14 E15 28830924.43 304405005 25382810 1246403281 304405015 137166974 1174829581 298325431 298292296 298292142 304404972 304404981 1282200035 304404966 43167162#1-AddedOffRampEdge 184905676#1 304437965 304437948 304437971 137602290 304437957 304437980 371954044 371643232 304443811 304443816 304443813 304443810 1081642035 1194467327 304443809 304443808 304443814 304443815#0 304443815#1 371643240#0 184912169 304449280 304449282 1194474086 1194474088 683885955 34077048 34077049 371954051 304451627 33521942 304451621 371954052 1189211360 371956321 31269881#0 43346331#0 1316288013 304476606 4212603#3 4212603#4 1194954747#0 1194954753 26825652#0 1194954756 1194954759 35192917 1194954761 -711517860 24765230#1 -335329133 1243611183 93293343#2 93293343#3 93293343#4 39492748 -51862993 -302189132#1 -302189132#0 -26824393 -1125292400 -22720752#3 -1125292399 -22724226#1 70573579 1195038724 1022910646 1125292398 47999383 1125292387 356366086 1243611190#1 30657188#3 1243611191 1125292389#0 1125292390#0 1125292390#1 184913667,31.4075673793389
53,187,axenstrasse_entry 1177966442 1177966445 -49714610#1 -171962377#1 -43197358 -4316551 -1268628417 -982048014 -982048015 E14 E15 28830924.43 304405005 25382810 1246403281 304405015 137166974 1174829581 298325431 298292296 298292142 304404972 304404981 1282200035 304404966 43167162#1-AddedOffRampEdge 184905676#1 304437965 304437948 304437971 137602290 304437957 304437980 371954044 371643232 304443811 304443816 304443813 304443810 1081642035 1194467327 304443809 304443808 304443814 304443815#0 304443815#1 371643240#0 184912169 304449280 304449282 1194474086 1194474088 683885955 34077048 34077049 371954051 304451627 33521942 304451621 371954052 1189211360 371956321 31269881#0 43346331#0 1316288013 304476606 4212603#3 4212603#4 1194954747#0 1194954753 26825652#0 1194954756 1194954759 35192917 1194954761 -711517860 24765230#1 -335329133 1243611183 93293343#2 93293343#3 93293343#4 39492748 -51862993 -302189132#1 -302189132#0 -26824393 -1125292400 -22720752#3 -1125292399 -22724226#1 70573579 1195038724 1022910646 1125292398 47999383 1125292387 356366086 1243611190#1 30657188#3 1243611191 1125292389#0 1125292390#0 1125292390#1 184913667,31.4075673793389
53,188,axenstrasse_entry 1177966442 1177966445 -49714610#1 -171962377#1 -43197358 -4316551 -1268628417 -982048014 -982048015 E14 E15 28830924.43 304405005 25382810 1246403281 304405015 137166974 1174829581 298325431 298292296 298292142 304404972 304404981 1282200035 304404966 43167162#1-AddedOffRampEdge 184905676#1 304437965 304437948 304437971 137602290 304437957 304437980 371954044 371643232 304443811 304443816 304443813 304443810 1081642035 1194467327 304443809 304443808 304443814 304443815#0 304443815#1 371643240#0 184912169 304449280 304449282 1194474086 1194474088 683885955 34077048 34077049 371954051 304451627 33521942 304451621 371954052 1189211360 371956321 31269881#0 43346331#0 1316288013 304476606 4212603#3 4212603#4 1194954747#0 1194954753 26825652#0 1194954756 1194954759 35192917 1194954761 -711517860 24765230#1 -335329133 1243611183 93293343#2 93293343#3 93293343#4 39492748 -51862993 -302189132#1 -302189132#0 -26824393 -1125292400 -22720752#3 -1125292399 -22724226#1 70573579 1195038724 1022910646 1125292398 47999383 1125292387 356366086 1243611190#1 30657188#3 30657188#4 1243611192 22722567#0 184913169#2,29.79374767663429
53,188,axenstrasse_entry 1177966442 1177966445 -49714610#1 -171962377#1 -43197358 -4316551 -1268628417 -982048014 -982048015 E14 E15 28830924.43 304405005 25382810 1246403281 304405015 137166974 1174829581 298325431 298292296 298292142 304404972 304404981 1282200035 304404966 43167162#1-AddedOffRampEdge 184905676#1 304437965 304437948 304437971 137602290 304437957 304437980 371954044 371643232 304443811 304443816 304443813 304443810 1081642035 1194467327 304443809 304443808 304443814 304443815#0 304443815#1 371643240#0 184912169 304449280 304449282 1194474086 1194474088 683885955 34077048 34077049 371954051 304451627 33521942 304451621 371954052 1189211360 371956321 31269881#0 43346331#0 1316288013 304476606 4212603#3 4212603#4 1194954747#0 1194954753 26825652#0 1194954756 1194954759 35192917 1194954761 -711517860 24765230#1 -335329133 1243611183 93293343#2 93293343#3 93293343#4 39492748 -51862993 -302189132#1 -302189132#0 -26824393 -1125292400 -22720752#3 -1125292399 -22724226#1 70573579 1195038724 1022910646 1125292398 47999383 1125292387 356366086 1243611190#1 30657188#3 30657188#4 1243611192 22722567#0 184913169#2,29.79374767663429
53,188,axenstrasse_entry 1177966442 1177966445 -49714610#1 -171962377#1 -43197358 -4316551 -1268628417 -982048014 -982048015 E14 E15 28830924.43 304405005 25382810 1246403281 304405015 137166974 1174829581 298325431 298292296 298292142 304404972 304404981 1282200035 304404966 43167162#1-AddedOffRampEdge 184905676#1 304437965 304437948 304437971 137602290 304437957 304437980 371954044 371643232 304443811 304443816 304443813 304443810 1081642035 1194467327 304443809 304443808 304443814 304443815#0 304443815#1 371643240#0 184912169 304449280 304449282 1194474086 1194474088 683885955 34077048 34077049 371954051 304451627 33521942 304451621 371954052 1189211360 371956321 31269881#0 43346331#0 1316288013 304476606 4212603#3 4212603#4 1194954747#0 1194954753 26825652#0 1194954756 1194954759 35192917 1194954761 -711517860 24765230#1 -335329133 1243611183 93293343#2 93293343#3 93293343#4 39492748 -51862993 -302189132#1 -302189132#0 -26824393 -1125292400 -22720752#3 -1125292399 -22724226#1 70573579 1195038724 1022910646 1125292398 47999383 1125292387 356366086 1243611190#1 30657188#3 30657188#4 1243611192 22722567#0 184913169#2,29.79374767663429
53,188,axenstrasse_entry 1177966442 1177966445 -49714610#1 -171962377#1 -43197358 -4316551 -1268628417 -982048014 -982048015 E14 E15 28830924.43 304405005 25382810 1246403281 304405015 137166974 1174829581 298325431 298292296 298292142 304404972 304404981 1282200035 304404966 43167162#1-AddedOffRampEdge 184905676#1 304437965 304437948 304437971 137602290 304437957 304437980 371954044 371643232 304443811 304443816 304443813 304443810 1081642035 1194467327 304443809 304443808 304443814 304443815#0 304443815#1 371643240#0 184912169 304449280 304449282 1194474086 1194474088 683885955 34077048 34077049 371954051 304451627 33521942 304451621 371954052 1189211360 371956321 31269881#0 43346331#0 1316288013 304476606 4212603#3 4212603#4 1194954747#0 1194954753 26825652#0 1194954756 1194954759 35192917 1194954761 -711517860 24765230#1 -335329133 1243611183 93293343#2 93293343#3 93293343#4 39492748 -51862993 -302189132#1 -302189132#0 -26824393 -1125292400 -22720752#3 -1125292399 -22724226#1 70573579 1195038724 1022910646 1125292398 47999383 1125292387 356366086 1243611190#1 30657188#3 30657188#4 1243611192 22722567#0 184913169#2,29.79374767663429
53,188,axenstrasse_entry 1177966442 1177966445 -49714610#1 -171962377#1 -43197358 -4316551 -1268628417 -982048014 -982048015 E14 E15 28830924.43 304405005 25382810 1246403281 304405015 137166974 1174829581 298325431 298292296 298292142 304404972 304404981 1282200035 304404966 43167162#1-AddedOffRampEdge 184905676#1 304437965 304437948 304437971 137602290 304437957 304437980 371954044 371643232 304443811 304443816 304443813 304443810 1081642035 1194467327 304443809 304443808 304443814 304443815#0 304443815#1 371643240#0 184912169 304449280 304449282 1194474086 1194474088 683885955 34077048 34077049 371954051 304451627 33521942 304451621 371954052 1189211360 371956321 31269881#0 43346331#0 1316288013 304476606 4212603#3 4212603#4 1194954747#0 1194954753 26825652#0 1194954756 1194954759 35192917 1194954761 -711517860 24765230#1 -335329133 1243611183 93293343#2 93293343#3 93293343#4 39492748 -51862993 -302189132#1 -302189132#0 -26824393 -1125292400 -22720752#3 -1125292399 -22724226#1 70573579 1195038724 1022910646 1125292398 47999383 1125292387 356366086 1243611190#1 30657188#3 30657188#4 1243611192 22722567#0 184913169#2,29.79374767663429
53,188,axenstrasse_entry 1177966442 1177966445 -49714610#1 -171962377#1 -43197358 -4316551 -1268628417 -982048014 -982048015 E14 E15 28830924.43 304405005 25382810 1246403281 304405015 137166974 1174829581 298325431 298292296 298292142 304404972 304404981 1282200035 304404966 43167162#1-AddedOffRampEdge 184905676#1 304437965 304437948 304437971 137602290 304437957 304437980 371954044 371643232 304443811 304443816 304443813 304443810 1081642035 1194467327 304443809 304443808 304443814 304443815#0 304443815#1 371643240#0 184912169 304449280 304449282 1194474086 1194474088 683885955 34077048 34077049 371954051 304451627 33521942 304451621 371954052 1189211360 371956321 31269881#0 43346331#0 1316288013 304476606 4212603#3 4212603#4 1194954747#0 1194954753 26825652#0 1194954756 1194954759 35192917 1194954761 -711517860 24765230#1 -335329133 1243611183 93293343#2 93293343#3 93293343#4 39492748 -51862993 -302189132#1 -302189132#0 -26824393 -1125292400 -22720752#3 -1125292399 -22724226#1 70573579 1195038724 1022910646 1125292398 47999383 1125292387 356366086 1243611190#1 30657188#3 30657188#4 1243611192 22722567#0 184913169#2,29.79374767663429
53,191,axenstrasse_entry 1177966442 1177966445 -49714610#1 -171962377#1 -43197358 -4316551 -1268628417 -982048014 -982048015 -137261958 -4275898 137166963#3 137166963#4 137166963#1 1320061334 258918254#0 258918254#3 258918254#6 976400124 -4306197#4 -647491744#1 -4306199#4 -4306200#9 495532715#0 495532715#3 altdorf_entry 4334004#1 1057663492#0 27665110#0 27665110#2 27665110#5 496300699#0 496300699#1 345246838 184901801#0 4334011#3 4334011#1 27665034#0 1221385239#0 184902356#1 184902356#2 686911532#0 686911532#2 1221385265#0 1221385265#1 burglen_exit 686911533#10 686911533#11 686911533#12 686911533#13 686911533#14 686911533#16 39189078#0 975786587#0 1225169384#0 184919234 1221064457#0 975786591#0 975786592 1228711737,18.612493213627243
53,191,axenstrasse_entry 1177966442 1177966445 -49714610#1 -171962377#1 -43197358 -4316551 -1268628417 -982048014 -982048015 -137261958 -4275898 137166963#3 137166963#4 137166963#1 1320061334 258918254#0 258918254#3 258918254#6 976400124 -4306197#4 -647491744#1 -4306199#4 -4306200#9 495532715#0 495532715#3 altdorf_entry 4334004#1 1057663492#0 27665110#0 27665110#2 27665110#5 496300699#0 496300699#1 345246838 184901801#0 4334011#3 4334011#1 27665034#0 1221385239#0 184902356#1 184902356#2 686911532#0 686911532#2 1221385265#0 1221385265#1 burglen_exit 686911533#10 686911533#11 686911533#12 686911533#13 686911533#14 686911533#16 39189078#0 975786587#0 1225169384#0 184919234 1221064457#0 975786591#0 975786592 1228711737,18.612493213627243
53,191,axenstrasse_entry 1177966442 1177966445 -49714610#1 -171962377#1 -43197358 -4316551 -1268628417 -982048014 -982048015 -137261958 -4275898 137166963#3 137166963#4 137166963#1 1320061334 258918254#0 258918254#3 258918254#6 976400124 -4306197#4 -647491744#1 -4306199#4 -4306200#9 495532715#0 495532715#3 altdorf_entry 4334004#1 1057663492#0 27665110#0 27665110#2 27665110#5 496300699#0 496300699#1 345246838 184901801#0 4334011#3 4334011#1 27665034#0 1221385239#0 184902356#1 184902356#2 686911532#0 686911532#2 1221385265#0 1221385265#1 burglen_exit 686911533#10 686911533#11 686911533#12 686911533#13 686911533#14 686911533#16 39189078#0 975786587#0 1225169384#0 184919234 1221064457#0 975786591#0 975786592 1228711737,18.612493213627243
53,194,axenstrasse_entry 1177966442 1177966445 -49714610#1 -171962377#1 -43197358 -4316551 -1268628417 -982048014 -982048015 E14 E15 28830924.43 304405005 25382810 1246403281 304405015 1174829580 137166981 1204885515 304404968 304404976#0 581552358 1209506568#3 319335922 309763747 4271843 319335924 1204643379 99630367 39339832 1204643383 903892978 1204643387 luzern_exit,16.503793421394636
53,194,axenstrasse_entry 1177966442 1177966445 -49714610#1 -171962377#1 -43197358 -4316551 -1268628417 -982048014 -982048015 E14 E15 28830924.43 304405005 25382810 1246403281 304405015 1174829580 137166981 1204885515 304404968 304404976#0 581552358 1209506568#3 319335922 309763747 4271843 319335924 1204643379 99630367 39339832 1204643383 903892978 1204643387 luzern_exit,16.503793421394636
53,195,axenstrasse_entry 1177966442 1177966445 -49714610#1 -171962377#1 -43197358 -4316551 -1268628417 -982048014 -982048015 E14 E15 28830924.43 304405005 25382810 1246403281 304405015 137166974 1174829581 298325431 298292296 298292142 304404972 304404981 1282200035 304404966 43167162#1-AddedOffRampEdge 184905676#1 304437965 304437948 304437971 137602290 304437957 304437980 371954044 371643232 304443811 304443816 304443813 304443810 1081642035 1194467327 304443809 304443808 304443814 304443815#0 304443815#1 371643240#0 184912169 304449280 304449282 1194474086 1194474088 683885955 34077048 34077049 371954051 304451627 33521942 304451621 371954052 1189211360 371956321 31269881#0 43346331#0 1316288013 304476606 4212603#3 4212603#4 1194954747#0 1194954753 26825652#0 1194954756 1194954759 35192917 1194954761 -711517860 24765230#1 -335329133 1243611183 93293343#2 93293343#3 93293343#4 93293343#5 93293343#6 1282534770 35192918 1280026025 70573572 1355624955#2 35164919#0 184904894#0 E6 E5 128803936 554703504#0 48038772 39574492 39574493#0 136646982 184915794#1 184915794#3 136646983#1 136646985 136646987#0 136646987#2 316146376 233740631#0 136646894 268749757,39.830532978805216
53,195,axenstrasse_entry 1177966442 1177966445 -49714610#1 -171962377#1 -43197358 -4316551 -1268628417 -982048014 -982048015 E14 E15 28830924.43 304405005 25382810 1246403281 304405015 137166974 1174829581 298325431 298292296 298292142 304404972 304404981 1282200035 304404966 43167162#1-AddedOffRampEdge 184905676#1 304437965 304437948 304437971 137602290 304437957 304437980 371954044 371643232 304443811 304443816 304443813 304443810 1081642035 1194467327 304443809 304443808 304443814 304443815#0 304443815#1 371643240#0 184912169 304449280 304449282 1194474086 1194474088 683885955 34077048 34077049 371954051 304451627 33521942 304451621 371954052 1189211360 371956321 31269881#0 43346331#0 1316288013 304476606 4212603#3 4212603#4 1194954747#0 1194954753 26825652#0 1194954756 1194954759 35192917 1194954761 -711517860 24765230#1 -335329133 1243611183 93293343#2 93293343#3 93293343#4 93293343#5 93293343#6 1282534770 35192918 1280026025 70573572 1355624955#2 35164919#0 184904894#0 E6 E5 128803936 554703504#0 48038772 39574492 39574493#0 136646982 184915794#1 184915794#3 136646983#1 136646985 136646987#0 136646987#2 316146376 233740631#0 136646894 268749757,39.830532978805216
53,197,axenstrasse_entry 1177966442 1177966445 -49714610#1 -171962377#1 -43197358 -4316551 -1268628417 -982048014 -982048015 E14 E15 28830924.43 304405005 25382810 1246403281 304405015 137166974 1174829581 298325431 298292296 298292142 304404972 304404981 1282200035 304404966 43167162#1-AddedOffRampEdge 184905676#1 304437965 304437948 304437971 137602290 304437957 304437980 371954044 371643232 304443811 304443816 304443813 304443810 1081642035 1194467327 304443809 304443808 304443814 304443815#0 304443815#1 371643240#0 184912169 304449280 304449282 1194474086 1194474088 683885955 34077048 34077049 371954051 1267880145 26245624 1239461761 477570852 1239461755#1 477570859#1 477570853#0 1194474094#0 wassen_exit -231634585#3 -1267880154#0 -74761697 -26825654#0 -1241895949 -26825653#1 -105723923#2 -372395820#4 -231634584#1,24.834557269917724
53,197,axenstrasse_entry 1177966442 1177966445 -49714610#1 -171962377#1 -43197358 -4316551 -1268628417 -982048014 -982048015 E14 E15 28830924.43 304405005 25382810 1246403281 304405015 137166974 1174829581 298325431 298292296 298292142 304404972 304404981 1282200035 304404966 43167162#1-AddedOffRampEdge 184905676#1 304437965 304437948 304437971 137602290 304437957 304437980 371954044 371643232 304443811 304443816 304443813 304443810 1081642035 1194467327 304443809 304443808 304443814 304443815#0 304443815#1 371643240#0 184912169 304449280 304449282 1194474086 1194474088 683885955 34077048 34077049 371954051 1267880145 26245624 1239461761 477570852 1239461755#1 477570859#1 477570853#0 1194474094#0 wassen_exit -231634585#3 -1267880154#0 -74761697 -26825654#0 -1241895949 -26825653#1 -105723923#2 -372395820#4 -231634584#1,24.834557269917724
53,197,axenstrasse_entry 1177966442 1177966445 -49714610#1 -171962377#1 -43197358 -4316551 -1268628417 -982048014 -982048015 E14 E15 28830924.43 304405005 25382810 1246403281 304405015 137166974 1174829581 298325431 298292296 298292142 304404972 304404981 1282200035 304404966 43167162#1-AddedOffRampEdge 184905676#1 304437965 304437948 304437971 137602290 304437957 304437980 371954044 371643232 304443811 304443816 304443813 304443810 1081642035 1194467327 304443809 304443808 304443814 304443815#0 304443815#1 371643240#0 184912169 304449280 304449282 1194474086 1194474088 683885955 34077048 34077049 371954051 1267880145 26245624 1239461761 477570852 1239461755#1 477570859#1 477570853#0 1194474094#0 wassen_exit -231634585#3 -1267880154#0 -74761697 -26825654#0 -1241895949 -26825653#1 -105723923#2 -372395820#4 -231634584#1,24.834557269917724
55,182,-39472250#1 -39472250#0 -185990241 39472236 309763746 1000036322 24820201 39473938 39473882 663212502 663212501#0 137166954 304404984 304404972 304404981 1282200035 304404966 43167162#1-AddedOffRampEdge 184905676#1 304437965 304437948 304437971 137602290 304437957 304437980 371954044 371643232 304443811 304443816 304443813 304443810 1081642035 1194467327 304443809 304443808 304443814 304443815#0 304443815#1 371643240#0 184912169 304449280 304449282 1194474086 1194474088 683885955 34077048 34077049 371954051 304451627 33521942 304451621 371954052 1189211360 371956321 31269881#0 304451628#0 304451626 304451630 304476717 304476718#0 4214708,26.076834212603544
55,194,-39472250#1 1081807143 23093065#1-AddedOnRampEdge 23093065#1 4271843 319335924 1204643379 99630367 39339832 1204643383 903892978 1204643387 luzern_exit,1.7553438276301607
56,184,-686911533#18 -686911533#14 -686911533#13 -686911533#12 -686911533#11 -686911533#10 burglen_entry -686911533#3 -1221385265#0 -105905396#1 -686911532#0 -497625446#3 -184902356#1 -970631601#0 -27665034#1 4334011#2 -184901801#1 -184901800 496300699#2 496300699#3 -1213439396 -27665110#4 -27665110#1 -192681915#1 -4334004#4 altdorf_exit -495532715#14 -495532715#2 4306201#0 4306199#0 647491744#0 4306197#1 184901480#1 -258918251#1 -258918254#5 -258918254#2 -258918252 137166963#2 4275898 982048017 982048015 40453606#0 1268628417 4316551 43197358 171962377#0 1177966477 982048012 -4316554 axenstrasse_exit,10.86288251364016
57,57,-1157181088 -305871543#11 -305871543#7 -305871543#5 -305871543#3 erstfeld_entry -836109912#26 -836109912#22 -836109912#19 -836109912#10 -836109912#6 -836109912#5 -836109912#1 -23725641#2 -23725641#1 -645643593#2 -645643597 -985130595 537680527#1 500049926#0 537680526 -645643600 -537680528 -1227355864 -382397062 -382397061 1227355866 175771446#3 175771446#4 175771446#5 1227355870#0 175771449#1 35192916#0 184919614 446397844 265803670#0 1207509565 446397842 1204306714 184903367 939461794#0 495512239 939461796#0 939461796#1 24210993#0 446473442#1 34077096 34077097#1 27366235#0 -895037056#3 -26980537#3 -26980537#1 -4334004#4,8.542869483083138
58,164,-836109912#19 -836109912#10 -836109912#6 -836109912#5 -836109912#1 -23725641#2 -23725641#1 -645643593#2 -645643597 -985130595 537680527#1 500049926#0 537680526 -645643600 -537680528 -1227355864 -382397062 -382397061 1227355866 175771446#3 175771446#4 175771446#5 1227355870#0 175771449#1 35192916#0 184919614 446397844 265803670#0 1207509565 446397842 1204306714 184903367 939461794#0 495512239 939461796#0 939461796#1 24210993#0 446473442#1 34077096 34077097#1 34077097#2 34077097#4 34077097#5,7.190568649142648
59,59,23725641#0 23725641#2 836109912#0 836109912#2 836109912#6 836109912#7 836109912#12 836109912#21 836109912#25 erstfeld_exit 305871543#3 305871543#4 305871543#7 305871543#8 305871543#12 184907621#0 1233790702 1157181072 1233790706 1156303914 1233790711 738798587#0 738798587#1 738798589#1 837546190#1 837546202#1 silenen_exit 110431139#0 110431139#2 738718556#0 738718556#1 8135465#0 8135465#2 8135465#5 184904444 1233796574#0 184904443#1 48875753 1155226217 amsteg_exit 851679522#1 1233796591#1 875287828 1234022738#1,7.923914225076294
61,61,446480148#1 1154864513 1154864512 828484325 137261941#1 137166963#4 137166963#1 1320061334 258918254#0 258918254#3 258918254#6 976400124 -4306197#4 -647491744#1 -27120166#10 -27120166#7 -496298784#4 -28830807#0 -1177921351 -26195249#1 -981333088#3 -981333088#2 -24356948 -24356947 -1177096612 -184917265#1 seefeld_exit -486406647#6,5.949456595361993
61,163,446480148#1 1154864513 1154864512 828484325 137261941#1 137166963#4 137166963#1 1320061334 258918254#0 258918254#3 258918254#6 976400124 -4306197#4 -647491744#1 -4306199#4 -4306200#9 495532715#0 495532715#3 altdorf_entry 4334004#1 1057663492#0 27665110#0 27665110#2 27665110#5 496300699#0 496300699#1 345246838 184901801#0,5.160654564551453
74,182,-1195038725#1 -1125292390#4 -1125292390#0 -1125292389#3 -184913665#1 30657188#4 30657188#1 30657188#2 -1243611190#1 -1243611190#0 -1346863822 -47999383 -1125292391 -129209772 -1195038724 -70573563 22724226#0 1125292399 22720752#0 1125292400 1125292401 26824394 302189132#1 1195038718 335329134 93293343#6 93293343#7 93293343#8 335329132 335329133 -24765232 -24765230#0 -26825644 -35192917 -1194954759 -619870904 -1194954755 -1194954753 -1194954747#1 4212603#5 4212603#1 goeschenen_einfahrt 4212611 1316288014 33521930 304476604#0 1146129980 304476717 304476718#0 4214708,11.61519941481931
74,184,-1195038725#1 -1125292390#4 -1125292390#0 -1125292389#3 -184913665#1 30657188#4 30657188#1 30657188#2 -1243611190#1 -1243611190#0 -1346863822 -47999383 -1125292391 -129209772 -1195038724 -70573563 22724226#0 1125292399 22720752#0 1125292400 1125292401 26824394 302189132#1 1195038718 335329134 93293343#6 93293343#7 93293343#8 335329132 335329133 -24765232 -24765230#0 -26825644 -35192917 -1194954759 -619870904 -1194954755 -1194954753 -1194954747#1 4212603#5 4212603#1 goeschenen_einfahrt 4212611 1316288014 1255318897 803039921 1246133442 372097229 304451629 304451625 1239461754 304451624 33527190#0 52907513#0 40653036#1 136646884 304443818 304443817 52907514 34077075#1 1255326319 34077077#1 304439899 304439901 304439900 1282201319 304439898 1282200037 304437963 304437983 304437974 304437951#0 304437951#0-AddedOffRampEdge 304437951#1 304437960 304437978 137166951 304404987 304404987-AddedOffRampEdge 298292686#0 298292686#1 1184058091 258918300 298293210 291765005 304405012 304405009 -304405005 -28830924 137166963#1 137166963#2 4275898 982048017 982048015 40453606#0 1268628417 4316551 43197358 171962377#0 1177966477 982048012 -4316554 axenstrasse_exit,31.704449457019113
74,184,-1195038725#1 -1125292390#4 -1125292390#0 -1125292389#3 -184913665#1 30657188#4 30657188#1 30657188#2 -1243611190#1 -1243611190#0 -1346863822 -47999383 -1125292391 -129209772 -1195038724 -70573563 22724226#0 1125292399 22720752#0 1125292400 1125292401 26824394 302189132#1 1195038718 335329134 93293343#6 93293343#7 93293343#8 335329132 335329133 -24765232 -24765230#0 -26825644 -35192917 -1194954759 -619870904 -1194954755 -1194954753 -1194954747#1 4212603#5 4212603#1 goeschenen_einfahrt 4212611 1316288014 1255318897 803039921 1246133442 372097229 304451629 304451625 1239461754 304451624 33527190#0 52907513#0 40653036#1 136646884 304443818 304443817 52907514 34077075#1 1255326319 34077077#1 304439899 304439901 304439900 1282201319 304439898 1282200037 304437963 304437983 304437974 304437951#0 304437951#0-AddedOffRampEdge 304437951#1 304437960 304437978 137166951 304404987 304404987-AddedOffRampEdge 298292686#0 298292686#1 1184058091 258918300 298293210 291765005 304405012 304405009 -304405005 -28830924 137166963#1 137166963#2 4275898 982048017 982048015 40453606#0 1268628417 4316551 43197358 171962377#0 1177966477 982048012 -4316554 axenstrasse_exit,31.704449457019113
74,184,-1195038725#1 -1125292390#4 -1125292390#0 -1125292389#3 -184913665#1 30657188#4 30657188#1 30657188#2 -1243611190#1 -1243611190#0 -1346863822 -47999383 -1125292391 -129209772 -1195038724 -70573563 22724226#0 1125292399 22720752#0 1125292400 1125292401 26824394 302189132#1 1195038718 335329134 93293343#6 93293343#7 93293343#8 335329132 335329133 -24765232 -24765230#0 -26825644 -35192917 -1194954759 -619870904 -1194954755 -1194954753 -1194954747#1 4212603#5 4212603#1 goeschenen_einfahrt 4212611 1316288014 1255318897 803039921 1246133442 372097229 304451629 304451625 1239461754 304451624 33527190#0 52907513#0 40653036#1 136646884 304443818 304443817 52907514 34077075#1 1255326319 34077077#1 304439899 304439901 304439900 1282201319 304439898 1282200037 304437963 304437983 304437974 304437951#0 304437951#0-AddedOffRampEdge 304437951#1 304437960 304437978 137166951 304404987 304404987-AddedOffRampEdge 298292686#0 298292686#1 1184058091 258918300 298293210 291765005 304405012 304405009 -304405005 -28830924 137166963#1 137166963#2 4275898 982048017 982048015 40453606#0 1268628417 4316551 43197358 171962377#0 1177966477 982048012 -4316554 axenstrasse_exit,31.704449457019113
74,188,-1195038725#1 -1125292390#4 -1125292390#0 -1125292389#3 -184913665#1 30657188#4 1243611192 22722567#0 184913169#2,4.410698818261956
74,191,-1195038725#1 -1125292390#4 -1125292390#0 -1125292389#3 -184913665#1 30657188#4 30657188#1 30657188#2 -1243611190#1 -1243611190#0 -1346863822 -47999383 -1125292391 -129209772 -1195038724 -70573563 22724226#0 1125292399 22720752#0 1125292400 1125292401 26824394 302189132#1 1195038718 335329134 93293343#6 93293343#7 93293343#8 335329132 335329133 -24765232 -24765230#0 -26825644 -35192917 -1194954759 -619870904 -1194954755 -1194954753 -1194954747#1 4212603#5 4212603#1 goeschenen_einfahrt 4212611 1316288014 1255318897 803039921 1246133442 372097229 304451629 304451625 1239461754 304451624 33527190#0 52907513#0 40653036#1 136646884 304443818 304443817 52907514 34077075#1 1255326319 34077077#1 304439899 304439901 304439900 1282201319 304439898 1282200037 304437963 40533577 378596812 -43199799 -500049929#1 -1249503597 988527784 500049928#1 500049926#5 500049926#6 500049926#0 537680526 -645643600 -537680528 -1227355864 -382397062 -382397061 1227355866 175771446#3 1227355875 -495509369#1 -139960776#0 -495509368#0 -1179840015 -975788276#1 -27743086#3 1246000045 1246004176#0 schattdorf_exit 27744610#7 27744610#8 27744610#9 27744610#10 27744610#12 27744610#13 27665800#0 32860709#1 1361705097#0 32911345#0 32881545 32881546#0 33446623#0 33446623#4 1206557145#0 33446633#0 burglen_exit 686911533#10 686911533#11 686911533#12 686911533#13 686911533#14 686911533#16 39189078#0 975786587#0 1225169384#0 184919234 1221064457#0 975786591#0 975786592 1228711737,38.95009154901359
74,191,-1195038725#1 -1125292390#4 -1125292390#0 -1125292389#3 -184913665#1 30657188#4 30657188#1 30657188#2 -1243611190#1 -1243611190#0 -1346863822 -47999383 -1125292391 -129209772 -1195038724 -70573563 22724226#0 1125292399 22720752#0 1125292400 1125292401 26824394 302189132#1 1195038718 335329134 93293343#6 93293343#7 93293343#8 335329132 335329133 -24765232 -24765230#0 -26825644 -35192917 -1194954759 -619870904 -1194954755 -1194954753 -1194954747#1 4212603#5 4212603#1 goeschenen_einfahrt 4212611 1316288014 1255318897 803039921 1246133442 372097229 304451629 304451625 1239461754 304451624 33527190#0 52907513#0 40653036#1 136646884 304443818 304443817 52907514 34077075#1 1255326319 34077077#1 304439899 304439901 304439900 1282201319 304439898 1282200037 304437963 40533577 378596812 -43199799 -500049929#1 -1249503597 988527784 500049928#1 500049926#5 500049926#6 500049926#0 537680526 -645643600 -537680528 -1227355864 -382397062 -382397061 1227355866 175771446#3 1227355875 -495509369#1 -139960776#0 -495509368#0 -1179840015 -1023263162#1 -110493360#8 -110493360#6 -110493360#4 schattdorf_exit 27744610#7 27744610#8 27744610#9 27744610#10 27744610#12 27744610#13 27665800#0 32860709#1 1361705097#0 32911345#0 32881545 32881546#0 33446623#0 33446623#4 1206557145#0 33446633#0 burglen_exit 686911533#10 686911533#11 686911533#12 686911533#13 686911533#14 686911533#16 39189078#0 975786587#0 1225169384#0 184919234 1221064457#0 975786591#0 975786592 1228711737,37.99621863749078
74,194,-1195038725#1 -1125292390#4 -1125292390#0 -1125292389#3 -184913665#1 30657188#4 30657188#1 30657188#2 -1243611190#1 -1243611190#0 -1346863822 -47999383 -1125292391 -129209772 -1195038724 -70573563 22724226#0 1125292399 22720752#0 1125292400 1125292401 26824394 302189132#1 1195038718 335329134 93293343#6 93293343#7 93293343#8 335329132 335329133 -24765232 -24765230#0 -26825644 -35192917 -1194954759 -619870904 -1194954755 -1194954753 -1194954747#1 4212603#5 4212603#1 goeschenen_einfahrt 4212611 1316288014 1255318897 803039921 1246133442 372097229 304451629 304451625 1239461754 304451624 33527190#0 52907513#0 40653036#1 136646884 304443818 304443817 52907514 34077075#1 1255326319 34077077#1 304439899 304439901 304439900 1282201319 304439898 1282200037 304437963 304437983 304437974 304437951#0 304437951#0-AddedOffRampEdge 304437951#1 304437960 304437978 137166951 304404987 304404987-AddedOffRampEdge 304404963 1204885514 304404968 304404976#0 581552358 1209506568#3 319335922 309763747 4271843 319335924 1204643379 99630367 39339832 1204643383 903892978 1204643387 luzern_exit,37.372349187793866
74,194,-1195038725#1 -1125292390#4 -1125292390#0 -1125292389#3 -184913665#1 30657188#4 30657188#1 30657188#2 -1243611190#1 -1243611190#0 -1346863822 -47999383 -1125292391 -129209772 -1195038724 -70573563 22724226#0 1125292399 22720752#0 1125292400 1125292401 26824394 302189132#1 1195038718 335329134 93293343#6 93293343#7 93293343#8 335329132 335329133 -24765232 -24765230#0 -26825644 -35192917 -1194954759 -619870904 -1194954755 -1194954753 -1194954747#1 4212603#5 4212603#1 goeschenen_einfahrt 4212611 1316288014 1255318897 803039921 1246133442 372097229 304451629 304451625 1239461754 304451624 33527190#0 52907513#0 40653036#1 136646884 304443818 304443817 52907514 34077075#1 1255326319 34077077#1 304439899 304439901 304439900 1282201319 304439898 1282200037 304437963 304437983 304437974 304437951#0 304437951#0-AddedOffRampEdge 304437951#1 304437960 304437978 137166951 304404987 304404987-AddedOffRampEdge 304404963 1204885514 304404968 304404976#0 581552358 1209506568#3 319335922 309763747 4271843 319335924 1204643379 99630367 39339832 1204643383 903892978 1204643387 luzern_exit,37.372349187793866
74,194,-1195038725#1 -1125292390#4 -1125292390#0 -1125292389#3 -184913665#1 30657188#4 30657188#1 30657188#2 -1243611190#1 -1243611190#0 -1346863822 -47999383 -1125292391 -129209772 -1195038724 -70573563 22724226#0 1125292399 22720752#0 1125292400 1125292401 26824394 302189132#1 1195038718 335329134 93293343#6 93293343#7 93293343#8 335329132 335329133 -24765232 -24765230#0 -26825644 -35192917 -1194954759 -619870904 -1194954755 -1194954753 -1194954747#1 4212603#5 4212603#1 goeschenen_einfahrt 4212611 1316288014 1255318897 803039921 1246133442 372097229 304451629 304451625 1239461754 304451624 33527190#0 52907513#0 40653036#1 136646884 304443818 304443817 52907514 34077075#1 1255326319 34077077#1 304439899 304439901 304439900 1282201319 304439898 1282200037 304437963 304437983 304437974 304437951#0 304437951#0-AddedOffRampEdge 304437951#1 304437960 304437978 137166951 304404987 304404987-AddedOffRampEdge 304404963 1204885514 304404968 304404976#0 581552358 1209506568#3 319335922 309763747 4271843 319335924 1204643379 99630367 39339832 1204643383 903892978 1204643387 luzern_exit,37.372349187793866
74,195,-1195038725#1 -1125292390#4 -1125292390#0 -1125292389#3 -184913665#1 30657188#4 30657188#1 30657188#2 -1243611190#1 -1243611190#0 -1346863822 -47999383 -1125292391 -129209772 -1195038724 -70573563 22724226#0 -22720643 -48038773#2 -1280026019 -1280026022#0 -778602967#2 -778602967#1 -136646886#6 -136646886#4 -136646886#0 E5 128803936 554703504#0 48038772 39574492 39574493#0 136646982 184915794#1 184915794#3 136646983#1 136646985 136646987#0 136646987#2 316146376 233740631#0 136646894 268749757,19.52090909198215
74,197,-1195038725#1 -1125292390#4 -1125292390#0 -1125292389#3 -184913665#1 30657188#4 30657188#1 30657188#2 -1243611190#1 -1243611190#0 -1346863822 -47999383 -1125292391 -129209772 -1195038724 -70573563 22724226#0 1125292399 22720752#0 1125292400 1125292401 26824394 302189132#1 1195038718 335329134 93293343#6 93293343#7 93293343#8 335329132 335329133 -24765232 -24765230#0 -26825644 -35192917 -1194954759 -619870904 -1194954755 -1194954753 -1194954747#1 4212603#5 -268051640#2 -34077043#2 -34077046#3 -1194954739 -883000239#4 E1 -1194474097#3 -1194474097#0 -109543871 wassen_exit -231634585#3 -1267880154#0 -74761697 -26825654#0 -1241895949 -26825653#1 -105723923#2 -372395820#4 -231634584#1,18.596517651178193
74,197,-1195038725#1 -1125292390#4 -1125292390#0 -1125292389#3 -184913665#1 30657188#4 30657188#1 30657188#2 -1243611190#1 -1243611190#0 -1346863822 -47999383 -1125292391 -129209772 -1195038724 -70573563 22724226#0 1125292399 22720752#0 1125292400 1125292401 26824394 302189132#1 1195038718 335329134 93293343#6 93293343#7 93293343#8 335329132 335329133 -24765232 -24765230#0 -26825644 -35192917 -1194954759 -619870904 -1194954755 -1194954753 -1194954747#1 4212603#5 -268051640#2 -34077043#2 -34077046#3 -1194954739 -883000239#4 E1 -1194474097#3 -1194474097#0 -109543871 wassen_exit -231634585#3 -1267880154#0 -74761697 -26825654#0 -1241895949 -26825653#1 -105723923#2 -372395820#4 -231634584#1,18.596517651178193
75,75,10046129#1 1255318895 110355739 230703524 109528130#0 109528130#2 goeschenen_exit 24545864#0 109560703#0 1311468392 26825646 1194954759 35192917 1194954761 -711517860 24765230#1 -335329133 1243611183 93293343#2 93293343#3 93293343#4 93293343#5 93293343#6 1282534770 35192918 1280026025 70573572 1355624955#2 35164919#0 184904894#0 E6 30924344#1,5.435193656295047
91,182,-356366091 -184913169#0 -1125292386#1 30657188#1 30657188#2 -1243611190#1 -1243611190#0 -1346863822 -47999383 -1125292391 -129209772 -1195038724 -70573563 22724226#0 1125292399 22720752#0 1125292400 1125292401 26824394 302189132#1 1195038718 335329134 93293343#6 93293343#7 93293343#8 335329132 335329133 -24765232 -24765230#0 -26825644 -35192917 -1194954759 -619870904 -1194954755 -1194954753 -1194954747#1 4212603#5 4212603#1 goeschenen_einfahrt 4212611 1316288014 33521930 304476604#0 1146129980 304476717 304476718#0 4214708,10.518253715929767
91,184,-356366091 -184913169#0 -1125292386#1 30657188#1 30657188#2 -1243611190#1 -1243611190#0 -1346863822 -47999383 -1125292391 -129209772 -1195038724 -70573563 22724226#0 1125292399 22720752#0 1125292400 1125292401 26824394 302189132#1 1195038718 335329134 93293343#6 93293343#7 93293343#8 335329132 335329133 -24765232 -24765230#0 -26825644 -35192917 -1194954759 -619870904 -1194954755 -1194954753 -1194954747#1 4212603#5 4212603#1 goeschenen_einfahrt 4212611 1316288014 1255318897 803039921 1246133442 372097229 304451629 304451625 1239461754 304451624 33527190#0 52907513#0 40653036#1 136646884 304443818 304443817 52907514 34077075#1 1255326319 34077077#1 304439899 304439901 304439900 1282201319 304439898 1282200037 304437963 304437983 304437974 304437951#0 304437951#0-AddedOffRampEdge 304437951#1 304437960 304437978 137166951 304404987 304404987-AddedOffRampEdge 298292686#0 298292686#1 1184058091 258918300 298293210 291765005 304405012 304405009 -304405005 -28830924 137166963#1 137166963#2 4275898 982048017 982048015 40453606#0 1268628417 4316551 43197358 171962377#0 1177966477 982048012 -4316554 axenstrasse_exit,30.60750375812957
91,184,-356366091 -184913169#0 -1125292386#1 30657188#1 30657188#2 -1243611190#1 -1243611190#0 -1346863822 -47999383 -1125292391 -129209772 -1195038724 -70573563 22724226#0 1125292399 22720752#0 1125292400 1125292401 26824394 302189132#1 1195038718 335329134 93293343#6 93293343#7 93293343#8 335329132 335329133 -24765232 -24765230#0 -26825644 -35192917 -1194954759 -619870904 -1194954755 -1194954753 -1194954747#1 4212603#5 4212603#1 goeschenen_einfahrt 4212611 1316288014 1255318897 803039921 1246133442 372097229 304451629 304451625 1239461754 304451624 33527190#0 52907513#0 40653036#1 136646884 304443818 304443817 52907514 34077075#1 1255326319 34077077#1 304439899 304439901 304439900 1282201319 304439898 1282200037 304437963 304437983 304437974 304437951#0 304437951#0-AddedOffRampEdge 304437951#1 304437960 304437978 137166951 304404987 304404987-AddedOffRampEdge 298292686#0 298292686#1 1184058091 258918300 298293210 291765005 304405012 304405009 -304405005 -28830924 137166963#1 137166963#2 4275898 982048017 982048015 40453606#0 1268628417 4316551 43197358 171962377#0 1177966477 982048012 -4316554 axenstrasse_exit,30.60750375812957
91,184,-356366091 -184913169#0 -1125292386#1 30657188#1 30657188#2 -1243611190#1 -1243611190#0 -1346863822 -47999383 -1125292391 -129209772 -1195038724 -70573563 22724226#0 1125292399 22720752#0 1125292400 1125292401 26824394 302189132#1 1195038718 335329134 93293343#6 93293343#7 93293343#8 335329132 335329133 -24765232 -24765230#0 -26825644 -35192917 -1194954759 -619870904 -1194954755 -1194954753 -1194954747#1 4212603#5 4212603#1 goeschenen_einfahrt 4212611 1316288014 1255318897 803039921 1246133442 372097229 304451629 304451625 1239461754 304451624 33527190#0 52907513#0 40653036#1 136646884 304443818 304443817 52907514 34077075#1 1255326319 34077077#1 304439899 304439901 304439900 1282201319 304439898 1282200037 304437963 304437983 304437974 304437951#0 304437951#0-AddedOffRampEdge 304437951#1 304437960 304437978 137166951 304404987 304404987-AddedOffRampEdge 298292686#0 298292686#1 1184058091 258918300 298293210 291765005 304405012 304405009 -304405005 -28830924 137166963#1 137166963#2 4275898 982048017 982048015 40453606#0 1268628417 4316551 43197358 171962377#0 1177966477 982048012 -4316554 axenstrasse_exit,30.60750375812957
91,184,-356366091 -184913169#0 -1125292386#1 30657188#1 30657188#2 -1243611190#1 -1243611190#0 -1346863822 -47999383 -1125292391 -129209772 -1195038724 -70573563 22724226#0 1125292399 22720752#0 1125292400 1125292401 26824394 302189132#1 1195038718 335329134 93293343#6 93293343#7 93293343#8 335329132 335329133 -24765232 -24765230#0 -26825644 -35192917 -1194954759 -619870904 -1194954755 -1194954753 -1194954747#1 4212603#5 4212603#1 goeschenen_einfahrt 4212611 1316288014 1255318897 803039921 1246133442 372097229 304451629 304451625 1239461754 304451624 33527190#0 52907513#0 40653036#1 136646884 304443818 304443817 52907514 34077075#1 1255326319 34077077#1 304439899 304439901 304439900 1282201319 304439898 1282200037 304437963 304437983 304437974 304437951#0 304437951#0-AddedOffRampEdge 304437951#1 304437960 304437978 137166951 304404987 304404987-AddedOffRampEdge 298292686#0 298292686#1 1184058091 258918300 298293210 291765005 304405012 304405009 -304405005 -28830924 137166963#1 137166963#2 4275898 982048017 982048015 40453606#0 1268628417 4316551 43197358 171962377#0 1177966477 982048012 -4316554 axenstrasse_exit,30.60750375812957
91,187,-356366091 -184913169#0 -1125292386#1 30657188#1 30657188#2 30657188#3 1243611191 1125292389#0 1125292390#0 1125292390#1 184913667,4.944251487783768
91,191,-356366091 -184913169#0 -1125292386#1 30657188#1 30657188#2 -1243611190#1 -1243611190#0 -1346863822 -47999383 -1125292391 -129209772 -1195038724 -70573563 22724226#0 1125292399 22720752#0 1125292400 1125292401 26824394 302189132#1 1195038718 335329134 93293343#6 93293343#7 93293343#8 335329132 335329133 -24765232 -24765230#0 -26825644 -35192917 -1194954759 -619870904 -1194954755 -1194954753 -1194954747#1 4212603#5 4212603#1 goeschenen_einfahrt 4212611 1316288014 1255318897 803039921 1246133442 372097229 304451629 304451625 1239461754 304451624 33527190#0 52907513#0 40653036#1 136646884 304443818 304443817 52907514 34077075#1 1255326319 34077077#1 304439899 304439901 304439900 1282201319 304439898 1282200037 304437963 40533577 378596812 -43199799 -500049929#1 -1249503597 988527784 500049928#1 500049926#5 500049926#6 500049926#0 537680526 -645643600 -537680528 -1227355864 -382397062 -382397061 1227355866 175771446#3 1227355875 -495509369#1 -139960776#0 -495509368#0 -1179840015 -975788276#1 -27743086#3 1246000045 1246004176#0 schattdorf_exit 27744610#7 27744610#8 27744610#9 27744610#10 27744610#12 27744610#13 27665800#0 32860709#1 1361705097#0 32911345#0 32881545 32881546#0 33446623#0 33446623#4 1206557145#0 33446633#0 burglen_exit 686911533#10 686911533#11 686911533#12 686911533#13 686911533#14 686911533#16 39189078#0 975786587#0 1225169384#0 184919234 1221064457#0 975786591#0 975786592 1228711737,37.853145850124044
91,191,-356366091 -184913169#0 -1125292386#1 30657188#1 30657188#2 -1243611190#1 -1243611190#0 -1346863822 -47999383 -1125292391 -129209772 -1195038724 -70573563 22724226#0 1125292399 22720752#0 1125292400 1125292401 26824394 302189132#1 1195038718 335329134 93293343#6 93293343#7 93293343#8 335329132 335329133 -24765232 -24765230#0 -26825644 -35192917 -1194954759 -619870904 -1194954755 -1194954753 -1194954747#1 4212603#5 4212603#1 goeschenen_einfahrt 4212611 1316288014 1255318897 803039921 1246133442 372097229 304451629 304451625 1239461754 304451624 33527190#0 52907513#0 40653036#1 136646884 304443818 304443817 52907514 34077075#1 1255326319 34077077#1 304439899 304439901 304439900 1282201319 304439898 1282200037 304437963 40533577 378596812 -43199799 -500049929#1 -1249503597 988527784 500049928#1 500049926#5 500049926#6 500049926#0 537680526 -645643600 -537680528 -1227355864 -382397062 -382397061 1227355866 175771446#3 1227355875 -495509369#1 -139960776#0 -495509368#0 -1179840015 -975788276#1 -27743086#3 1246000045 1246004176#0 schattdorf_exit 27744610#7 27744610#8 27744610#9 27744610#10 27744610#12 27744610#13 27665800#0 32860709#1 1361705097#0 32911345#0 32881545 32881546#0 33446623#0 33446623#4 1206557145#0 33446633#0 burglen_exit 686911533#10 686911533#11 686911533#12 686911533#13 686911533#14 686911533#16 39189078#0 975786587#0 1225169384#0 184919234 1221064457#0 975786591#0 975786592 1228711737,37.853145850124044
91,191,-356366091 -184913169#0 -1125292386#1 30657188#1 30657188#2 -1243611190#1 -1243611190#0 -1346863822 -47999383 -1125292391 -129209772 -1195038724 -70573563 22724226#0 1125292399 22720752#0 1125292400 1125292401 26824394 302189132#1 1195038718 335329134 93293343#6 93293343#7 93293343#8 335329132 335329133 -24765232 -24765230#0 -26825644 -35192917 -1194954759 -619870904 -1194954755 -1194954753 -1194954747#1 4212603#5 4212603#1 goeschenen_einfahrt 4212611 1316288014 1255318897 803039921 1246133442 372097229 304451629 304451625 1239461754 304451624 33527190#0 52907513#0 40653036#1 136646884 304443818 304443817 52907514 34077075#1 1255326319 34077077#1 304439899 304439901 304439900 1282201319 304439898 1282200037 304437963 40533577 378596812 -43199799 -500049929#1 -1249503597 988527784 500049928#1 500049926#5 500049926#6 500049926#0 537680526 -645643600 -537680528 -1227355864 -382397062 -382397061 1227355866 175771446#3 1227355875 -495509369#1 -139960776#0 -495509368#0 -1179840015 -1023263162#1 -110493360#8 -110493360#6 -110493360#4 schattdorf_exit 27744610#7 27744610#8 27744610#9 27744610#10 27744610#12 27744610#13 27665800#0 32860709#1 1361705097#0 32911345#0 32881545 32881546#0 33446623#0 33446623#4 1206557145#0 33446633#0 burglen_exit 686911533#10 686911533#11 686911533#12 686911533#13 686911533#14 686911533#16 39189078#0 975786587#0 1225169384#0 184919234 1221064457#0 975786591#0 975786592 1228711737,36.899272938601236
91,194,-356366091 -184913169#0 -1125292386#1 30657188#1 30657188#2 -1243611190#1 -1243611190#0 -1346863822 -47999383 -1125292391 -129209772 -1195038724 -70573563 22724226#0 1125292399 22720752#0 1125292400 1125292401 26824394 302189132#1 1195038718 335329134 93293343#6 93293343#7 93293343#8 335329132 335329133 -24765232 -24765230#0 -26825644 -35192917 -1194954759 -619870904 -1194954755 -1194954753 -1194954747#1 4212603#5 4212603#1 goeschenen_einfahrt 4212611 1316288014 1255318897 803039921 1246133442 372097229 304451629 304451625 1239461754 304451624 33527190#0 52907513#0 40653036#1 136646884 304443818 304443817 52907514 34077075#1 1255326319 34077077#1 304439899 304439901 304439900 1282201319 304439898 1282200037 304437963 304437983 304437974 304437951#0 304437951#0-AddedOffRampEdge 304437951#1 304437960 304437978 137166951 304404987 304404987-AddedOffRampEdge 304404963 1204885514 304404968 304404976#0 581552358 1209506568#3 319335922 309763747 4271843 319335924 1204643379 99630367 39339832 1204643383 903892978 1204643387 luzern_exit,36.275403488904324
91,194,-356366091 -184913169#0 -1125292386#1 30657188#1 30657188#2 -1243611190#1 -1243611190#0 -1346863822 -47999383 -1125292391 -129209772 -1195038724 -70573563 22724226#0 1125292399 22720752#0 1125292400 1125292401 26824394 302189132#1 1195038718 335329134 93293343#6 93293343#7 93293343#8 335329132 335329133 -24765232 -24765230#0 -26825644 -35192917 -1194954759 -619870904 -1194954755 -1194954753 -1194954747#1 4212603#5 4212603#1 goeschenen_einfahrt 4212611 1316288014 1255318897 803039921 1246133442 372097229 304451629 304451625 1239461754 304451624 33527190#0 52907513#0 40653036#1 136646884 304443818 304443817 52907514 34077075#1 1255326319 34077077#1 304439899 304439901 304439900 1282201319 304439898 1282200037 304437963 304437983 304437974 304437951#0 304437951#0-AddedOffRampEdge 304437951#1 304437960 304437978 137166951 304404987 304404987-AddedOffRampEdge 304404963 1204885514 304404968 304404976#0 581552358 1209506568#3 319335922 309763747 4271843 319335924 1204643379 99630367 39339832 1204643383 903892978 1204643387 luzern_exit,36.275403488904324
91,194,-356366091 -184913169#0 -1125292386#1 30657188#1 30657188#2 -1243611190#1 -1243611190#0 -1346863822 -47999383 -1125292391 -129209772 -1195038724 -70573563 22724226#0 1125292399 22720752#0 1125292400 1125292401 26824394 302189132#1 1195038718 335329134 93293343#6 93293343#7 93293343#8 335329132 335329133 -24765232 -24765230#0 -26825644 -35192917 -1194954759 -619870904 -1194954755 -1194954753 -1194954747#1 4212603#5 4212603#1 goeschenen_einfahrt 4212611 1316288014 1255318897 803039921 1246133442 372097229 304451629 304451625 1239461754 304451624 33527190#0 52907513#0 40653036#1 136646884 304443818 304443817 52907514 34077075#1 1255326319 34077077#1 304439899 304439901 304439900 1282201319 304439898 1282200037 304437963 304437983 304437974 304437951#0 304437951#0-AddedOffRampEdge 304437951#1 304437960 304437978 137166951 304404987 304404987-AddedOffRampEdge 304404963 1204885514 304404968 304404976#0 581552358 1209506568#3 319335922 309763747 4271843 319335924 1204643379 99630367 39339832 1204643383 903892978 1204643387 luzern_exit,36.275403488904324
91,194,-356366091 -184913169#0 -1125292386#1 30657188#1 30657188#2 -1243611190#1 -1243611190#0 -1346863822 -47999383 -1125292391 -129209772 -1195038724 -70573563 22724226#0 1125292399 22720752#0 1125292400 1125292401 26824394 302189132#1 1195038718 335329134 93293343#6 93293343#7 93293343#8 335329132 335329133 -24765232 -24765230#0 -26825644 -35192917 -1194954759 -619870904 -1194954755 -1194954753 -1194954747#1 4212603#5 4212603#1 goeschenen_einfahrt 4212611 1316288014 1255318897 803039921 1246133442 372097229 304451629 304451625 1239461754 304451624 33527190#0 52907513#0 40653036#1 136646884 304443818 304443817 52907514 34077075#1 1255326319 34077077#1 304439899 304439901 304439900 1282201319 304439898 1282200037 304437963 304437983 304437974 304437951#0 304437951#0-AddedOffRampEdge 304437951#1 304437960 304437978 137166951 304404987 304404987-AddedOffRampEdge 304404963 1204885514 304404968 304404976#0 581552358 1209506568#3 319335922 309763747 4271843 319335924 1204643379 99630367 39339832 1204643383 903892978 1204643387 luzern_exit,36.275403488904324
91,195,-356366091 -184913169#0 -1125292386#1 30657188#1 30657188#2 -1243611190#1 -1243611190#0 -1346863822 -47999383 -1125292391 -129209772 -1195038724 -70573563 22724226#0 -22720643 -48038773#2 -1280026019 -1280026022#0 -778602967#2 -778602967#1 -136646886#6 -136646886#4 -136646886#0 E5 128803936 554703504#0 48038772 39574492 39574493#0 136646982 184915794#1 184915794#3 136646983#1 136646985 136646987#0 136646987#2 316146376 233740631#0 136646894 268749757,18.42396339309261
91,197,-356366091 -184913169#0 -1125292386#1 30657188#1 30657188#2 -1243611190#1 -1243611190#0 -1346863822 -47999383 -1125292391 -129209772 -1195038724 -70573563 22724226#0 1125292399 22720752#0 1125292400 1125292401 26824394 302189132#1 1195038718 335329134 93293343#6 93293343#7 93293343#8 335329132 335329133 -24765232 -24765230#0 -26825644 -35192917 -1194954759 -619870904 -1194954755 -1194954753 -1194954747#1 4212603#5 -268051640#2 -34077043#2 -34077046#3 -1194954739 -883000239#4 E1 -1194474097#3 -1194474097#0 -109543871 wassen_exit -231634585#3 -1267880154#0 -74761697 -26825654#0 -1241895949 -26825653#1 -105723923#2 -372395820#4 -231634584#1,17.49957195228865
91,197,-356366091 -184913169#0 -1125292386#1 30657188#1 30657188#2 -1243611190#1 -1243611190#0 -1346863822 -47999383 -1125292391 -129209772 -1195038724 -70573563 22724226#0 1125292399 22720752#0 1125292400 1125292401 26824394 302189132#1 1195038718 335329134 93293343#6 93293343#7 93293343#8 335329132 335329133 -24765232 -24765230#0 -26825644 -35192917 -1194954759 -619870904 -1194954755 -1194954753 -1194954747#1 4212603#5 -268051640#2 -34077043#2 -34077046#3 -1194954739 -883000239#4 E1 -1194474097#3 -1194474097#0 -109543871 wassen_exit -231634585#3 -1267880154#0 -74761697 -26825654#0 -1241895949 -26825653#1 -105723923#2 -372395820#4 -231634584#1,17.49957195228865
92,92,995918512 778833367#1 40335029#1 995917683#0 -102312204#3 -48927435#1 -48927463#3 -28830804#1 1177096612 24356947 24356948 981333088#0 981333088#3 26195249#0 27665201#0 28830807#0 496298784#0 27120166#0 27120166#8 -4306199#4 -4306200#9 495532715#0 495532715#3 altdorf_entry 4334004#1 1057663492#0 27665110#0 27665110#2 27665110#5 496300699#0 496300699#1 345246838 184901801#0 4334011#3 4334011#1 27665034#0 1221385239#0,6.259225267977362
145,182,luzern_entry 1204643386 1204643385 1204643382 23093116 1209506566 1209506566-AddedOffRampEdge 1204643381 309763746 1000036322 24820201 39473938 39473882 663212502 663212501#0 137166954 304404984 304404972 304404981 1282200035 304404966 43167162#1-AddedOffRampEdge 184905676#1 304437965 304437948 304437971 137602290 304437957 304437980 371954044 371643232 304443811 304443816 304443813 304443810 1081642035 1194467327 304443809 304443808 304443814 304443815#0 304443815#1 371643240#0 184912169 304449280 304449282 1194474086 1194474088 683885955 34077048 34077049 371954051 304451627 33521942 304451621 371954052 1189211360 371956321 31269881#0 304451628#0 304451626 304451630 304476717 304476718#0 4214708,28.037102793097734
145,182,luzern_entry 1204643386 1204643385 1204643382 23093116 1209506566 1209506566-AddedOffRampEdge 1204643381 309763746 1000036322 24820201 39473938 39473882 663212502 663212501#0 137166954 304404984 304404972 304404981 1282200035 304404966 43167162#1-AddedOffRampEdge 184905676#1 304437965 304437948 304437971 137602290 304437957 304437980 371954044 371643232 304443811 304443816 304443813 304443810 1081642035 1194467327 304443809 304443808 304443814 304443815#0 304443815#1 371643240#0 184912169 304449280 304449282 1194474086 1194474088 683885955 34077048 34077049 371954051 304451627 33521942 304451621 371954052 1189211360 371956321 31269881#0 304451628#0 304451626 304451630 304476717 304476718#0 4214708,28.037102793097734
145,182,luzern_entry 1204643386 1204643385 1204643382 23093116 1209506566 1209506566-AddedOffRampEdge 1204643381 309763746 1000036322 24820201 39473938 39473882 663212502 663212501#0 137166954 304404984 304404972 304404981 1282200035 304404966 43167162#1-AddedOffRampEdge 184905676#1 304437965 304437948 304437971 137602290 304437957 304437980 371954044 371643232 304443811 304443816 304443813 304443810 1081642035 1194467327 304443809 304443808 304443814 304443815#0 304443815#1 371643240#0 184912169 304449280 304449282 1194474086 1194474088 683885955 34077048 34077049 371954051 304451627 33521942 304451621 371954052 1189211360 371956321 31269881#0 304451628#0 304451626 304451630 304476717 304476718#0 4214708,28.037102793097734
145,182,luzern_entry 1204643386 1204643385 1204643382 23093116 1209506566 1209506566-AddedOffRampEdge 1204643381 309763746 1000036322 24820201 39473938 39473882 663212502 663212501#0 137166954 304404984 304404972 304404981 1282200035 304404966 43167162#1-AddedOffRampEdge 184905676#1 304437965 304437948 304437971 137602290 304437957 304437980 371954044 371643232 304443811 304443816 304443813 304443810 1081642035 1194467327 304443809 304443808 304443814 304443815#0 304443815#1 371643240#0 184912169 304449280 304449282 1194474086 1194474088 683885955 34077048 34077049 371954051 304451627 33521942 304451621 371954052 1189211360 371956321 31269881#0 304451628#0 304451626 304451630 304476717 304476718#0 4214708,28.037102793097734
145,182,luzern_entry 1204643386 1204643385 1204643382 23093116 1209506566 1209506566-AddedOffRampEdge 1204643381 309763746 1000036322 24820201 39473938 39473882 663212502 663212501#0 137166954 304404984 304404972 304404981 1282200035 304404966 43167162#1-AddedOffRampEdge 184905676#1 304437965 304437948 304437971 137602290 304437957 304437980 371954044 371643232 304443811 304443816 304443813 304443810 1081642035 1194467327 304443809 304443808 304443814 304443815#0 304443815#1 371643240#0 184912169 304449280 304449282 1194474086 1194474088 683885955 34077048 34077049 371954051 304451627 33521942 304451621 371954052 1189211360 371956321 31269881#0 304451628#0 304451626 304451630 304476717 304476718#0 4214708,28.037102793097734
145,182,luzern_entry 1204643386 1204643385 1204643382 23093116 1209506566 1209506566-AddedOffRampEdge 1204643381 309763746 1000036322 24820201 39473938 39473882 663212502 663212501#0 137166954 304404984 304404972 304404981 1282200035 304404966 43167162#1-AddedOffRampEdge 184905676#1 304437965 304437948 304437971 137602290 304437957 304437980 371954044 371643232 304443811 304443816 304443813 304443810 1081642035 1194467327 304443809 304443808 304443814 304443815#0 304443815#1 371643240#0 184912169 304449280 304449282 1194474086 1194474088 683885955 34077048 34077049 371954051 304451627 33521942 304451621 371954052 1189211360 371956321 31269881#0 304451628#0 304451626 304451630 304476717 304476718#0 4214708,28.037102793097734
145,182,luzern_entry 1204643386 1204643385 1204643382 23093116 1209506566 1209506566-AddedOffRampEdge 1204643381 309763746 1000036322 24820201 39473938 39473882 663212502 663212501#0 137166954 304404984 304404972 304404981 1282200035 304404966 43167162#1-AddedOffRampEdge 184905676#1 304437965 304437948 304437971 137602290 304437957 304437980 371954044 371643232 304443811 304443816 304443813 304443810 1081642035 1194467327 304443809 304443808 304443814 304443815#0 304443815#1 371643240#0 184912169 304449280 304449282 1194474086 1194474088 683885955 34077048 34077049 371954051 304451627 33521942 304451621 371954052 1189211360 371956321 31269881#0 304451628#0 304451626 304451630 304476717 304476718#0 4214708,28.037102793097734
145,182,luzern_entry 1204643386 1204643385 1204643382 23093116 1209506566 1209506566-AddedOffRampEdge 1204643381 309763746 1000036322 24820201 39473938 39473882 663212502 663212501#0 137166954 304404984 304404972 304404981 1282200035 304404966 43167162#1-AddedOffRampEdge 184905676#1 304437965 304437948 304437971 137602290 304437957 304437980 371954044 371643232 304443811 304443816 304443813 304443810 1081642035 1194467327 304443809 304443808 304443814 304443815#0 304443815#1 371643240#0 184912169 304449280 304449282 1194474086 1194474088 683885955 34077048 34077049 371954051 304451627 33521942 304451621 371954052 1189211360 371956321 31269881#0 304451628#0 304451626 304451630 304476717 304476718#0 4214708,28.037102793097734
145,182,luzern_entry 1204643386 1204643385 1204643382 23093116 1209506566 1209506566-AddedOffRampEdge 1204643381 309763746 1000036322 24820201 39473938 39473882 663212502 663212501#0 137166954 304404984 304404972 304404981 1282200035 304404966 43167162#1-AddedOffRampEdge 184905676#1 304437965 304437948 304437971 137602290 304437957 304437980 371954044 371643232 304443811 304443816 304443813 304443810 1081642035 1194467327 304443809 304443808 304443814 304443815#0 304443815#1 371643240#0 184912169 304449280 304449282 1194474086 1194474088 683885955 34077048 34077049 371954051 304451627 33521942 304451621 371954052 1189211360 371956321 31269881#0 304451628#0 304451626 304451630 304476717 304476718#0 4214708,28.037102793097734
145,182,luzern_entry 1204643386 1204643385 1204643382 23093116 1209506566 1209506566-AddedOffRampEdge 1204643381 309763746 1000036322 24820201 39473938 39473882 663212502 663212501#0 137166954 304404984 304404972 304404981 1282200035 304404966 43167162#1-AddedOffRampEdge 184905676#1 304437965 304437948 304437971 137602290 304437957 304437980 371954044 371643232 304443811 304443816 304443813 304443810 1081642035 1194467327 304443809 304443808 304443814 304443815#0 304443815#1 371643240#0 184912169 304449280 304449282 1194474086 1194474088 683885955 34077048 34077049 371954051 304451627 33521942 304451621 371954052 1189211360 371956321 31269881#0 304451628#0 304451626 304451630 304476717 304476718#0 4214708,28.037102793097734
145,182,luzern_entry 1204643386 1204643385 1204643382 23093116 1209506566 1209506566-AddedOffRampEdge 1204643381 309763746 1000036322 24820201 39473938 39473882 663212502 663212501#0 137166954 304404984 304404972 304404981 1282200035 304404966 43167162#1-AddedOffRampEdge 184905676#1 304437965 304437948 304437971 137602290 304437957 304437980 371954044 371643232 304443811 304443816 304443813 304443810 1081642035 1194467327 304443809 304443808 304443814 304443815#0 304443815#1 371643240#0 184912169 304449280 304449282 1194474086 1194474088 683885955 34077048 34077049 371954051 304451627 33521942 304451621 371954052 1189211360 371956321 31269881#0 304451628#0 304451626 304451630 304476717 304476718#0 4214708,28.037102793097734
145,184,luzern_entry 1204643386 1204643385 1204643382 23093116 1209506566 1209506566-AddedOffRampEdge 1204643381 309763746 1000036322 24820201 39473938 39473882 663212502 663212501#0 137166954 137166980 987192105 28830918 25690544 1184058091 258918300 298293210 291765005 304405012 304405009 -304405005 -28830924 137166963#1 137166963#2 4275898 982048017 982048015 40453606#0 1268628417 4316551 43197358 171962377#0 1177966477 982048012 -4316554 axenstrasse_exit,17.26911425773729
145,184,luzern_entry 1204643386 1204643385 1204643382 23093116 1209506566 1209506566-AddedOffRampEdge 1204643381 309763746 1000036322 24820201 39473938 39473882 663212502 663212501#0 137166954 137166980 987192105 28830918 25690544 1184058091 258918300 298293210 291765005 304405012 304405009 -304405005 -28830924 137166963#1 137166963#2 4275898 982048017 982048015 40453606#0 1268628417 4316551 43197358 171962377#0 1177966477 982048012 -4316554 axenstrasse_exit,17.26911425773729
145,186,luzern_entry 1204643386 1204643385 1204643382 23093116 1209506566 1209506566-AddedOffRampEdge 1194455035 137166979 185990241 39472250#0 39472250#1,2.205318921081441
145,187,luzern_entry 1204643386 1204643385 1204643382 23093116 1209506566 1209506566-AddedOffRampEdge 1204643381 309763746 1000036322 24820201 39473938 39473882 663212502 663212501#0 137166954 304404984 304404972 304404981 1282200035 304404966 43167162#1-AddedOffRampEdge 184905676#1 304437965 304437948 304437971 137602290 304437957 304437980 371954044 371643232 304443811 304443816 304443813 304443810 1081642035 1194467327 304443809 304443808 304443814 304443815#0 304443815#1 371643240#0 184912169 304449280 304449282 1194474086 1194474088 683885955 34077048 34077049 371954051 304451627 33521942 304451621 371954052 1189211360 371956321 31269881#0 43346331#0 1316288013 304476606 4212603#3 4212603#4 1194954747#0 1194954753 26825652#0 1194954756 1194954759 35192917 1194954761 -711517860 24765230#1 -335329133 1243611183 93293343#2 93293343#3 93293343#4 39492748 -51862993 -302189132#1 -302189132#0 -26824393 -1125292400 -22720752#3 -1125292399 -22724226#1 70573579 1195038724 1022910646 1125292398 47999383 1125292387 356366086 1243611190#1 30657188#3 1243611191 1125292389#0 1125292390#0 1125292390#1 184913667,37.057270452302134
145,187,luzern_entry 1204643386 1204643385 1204643382 23093116 1209506566 1209506566-AddedOffRampEdge 1204643381 309763746 1000036322 24820201 39473938 39473882 663212502 663212501#0 137166954 304404984 304404972 304404981 1282200035 304404966 43167162#1-AddedOffRampEdge 184905676#1 304437965 304437948 304437971 137602290 304437957 304437980 371954044 371643232 304443811 304443816 304443813 304443810 1081642035 1194467327 304443809 304443808 304443814 304443815#0 304443815#1 371643240#0 184912169 304449280 304449282 1194474086 1194474088 683885955 34077048 34077049 371954051 304451627 33521942 304451621 371954052 1189211360 371956321 31269881#0 43346331#0 1316288013 304476606 4212603#3 4212603#4 1194954747#0 1194954753 26825652#0 1194954756 1194954759 35192917 1194954761 -711517860 24765230#1 -335329133 1243611183 93293343#2 93293343#3 93293343#4 39492748 -51862993 -302189132#1 -302189132#0 -26824393 -1125292400 -22720752#3 -1125292399 -22724226#1 70573579 1195038724 1022910646 1125292398 47999383 1125292387 356366086 1243611190#1 30657188#3 1243611191 1125292389#0 1125292390#0 1125292390#1 184913667,37.057270452302134
145,187,luzern_entry 1204643386 1204643385 1204643382 23093116 1209506566 1209506566-AddedOffRampEdge 1204643381 309763746 1000036322 24820201 39473938 39473882 663212502 663212501#0 137166954 304404984 304404972 304404981 1282200035 304404966 43167162#1-AddedOffRampEdge 184905676#1 304437965 304437948 304437971 137602290 304437957 304437980 371954044 371643232 304443811 304443816 304443813 304443810 1081642035 1194467327 304443809 304443808 304443814 304443815#0 304443815#1 371643240#0 184912169 304449280 304449282 1194474086 1194474088 683885955 34077048 34077049 371954051 304451627 33521942 304451621 371954052 1189211360 371956321 31269881#0 43346331#0 1316288013 304476606 4212603#3 4212603#4 1194954747#0 1194954753 26825652#0 1194954756 1194954759 35192917 1194954761 -711517860 24765230#1 -335329133 1243611183 93293343#2 93293343#3 93293343#4 39492748 -51862993 -302189132#1 -302189132#0 -26824393 -1125292400 -22720752#3 -1125292399 -22724226#1 70573579 1195038724 1022910646 1125292398 47999383 1125292387 356366086 1243611190#1 30657188#3 1243611191 1125292389#0 1125292390#0 1125292390#1 184913667,37.057270452302134
145,188,luzern_entry 1204643386 1204643385 1204643382 23093116 1209506566 1209506566-AddedOffRampEdge 1204643381 309763746 1000036322 24820201 39473938 39473882 663212502 663212501#0 137166954 304404984 304404972 304404981 1282200035 304404966 43167162#1-AddedOffRampEdge 184905676#1 304437965 304437948 304437971 137602290 304437957 304437980 371954044 371643232 304443811 304443816 304443813 304443810 1081642035 1194467327 304443809 304443808 304443814 304443815#0 304443815#1 371643240#0 184912169 304449280 304449282 1194474086 1194474088 683885955 34077048 34077049 371954051 304451627 33521942 304451621 371954052 1189211360 371956321 31269881#0 43346331#0 1316288013 304476606 4212603#3 4212603#4 1194954747#0 1194954753 26825652#0 1194954756 1194954759 35192917 1194954761 -711517860 24765230#1 -335329133 1243611183 93293343#2 93293343#3 93293343#4 39492748 -51862993 -302189132#1 -302189132#0 -26824393 -1125292400 -22720752#3 -1125292399 -22724226#1 70573579 1195038724 1022910646 1125292398 47999383 1125292387 356366086 1243611190#1 30657188#3 30657188#4 1243611192 22722567#0 184913169#2,35.443450749597524
145,188,luzern_entry 1204643386 1204643385 1204643382 23093116 1209506566 1209506566-AddedOffRampEdge 1204643381 309763746 1000036322 24820201 39473938 39473882 663212502 663212501#0 137166954 304404984 304404972 304404981 1282200035 304404966 43167162#1-AddedOffRampEdge 184905676#1 304437965 304437948 304437971 137602290 304437957 304437980 371954044 371643232 304443811 304443816 304443813 304443810 1081642035 1194467327 304443809 304443808 304443814 304443815#0 304443815#1 371643240#0 184912169 304449280 304449282 1194474086 1194474088 683885955 34077048 34077049 371954051 304451627 33521942 304451621 371954052 1189211360 371956321 31269881#0 43346331#0 1316288013 304476606 4212603#3 4212603#4 1194954747#0 1194954753 26825652#0 1194954756 1194954759 35192917 1194954761 -711517860 24765230#1 -335329133 1243611183 93293343#2 93293343#3 93293343#4 39492748 -51862993 -302189132#1 -302189132#0 -26824393 -1125292400 -22720752#3 -1125292399 -22724226#1 70573579 1195038724 1022910646 1125292398 47999383 1125292387 356366086 1243611190#1 30657188#3 30657188#4 1243611192 22722567#0 184913169#2,35.443450749597524
145,188,luzern_entry 1204643386 1204643385 1204643382 23093116 1209506566 1209506566-AddedOffRampEdge 1204643381 309763746 1000036322 24820201 39473938 39473882 663212502 663212501#0 137166954 304404984 304404972 304404981 1282200035 304404966 43167162#1-AddedOffRampEdge 184905676#1 304437965 304437948 304437971 137602290 304437957 304437980 371954044 371643232 304443811 304443816 304443813 304443810 1081642035 1194467327 304443809 304443808 304443814 304443815#0 304443815#1 371643240#0 184912169 304449280 304449282 1194474086 1194474088 683885955 34077048 34077049 371954051 304451627 33521942 304451621 371954052 1189211360 371956321 31269881#0 43346331#0 1316288013 304476606 4212603#3 4212603#4 1194954747#0 1194954753 26825652#0 1194954756 1194954759 35192917 1194954761 -711517860 24765230#1 -335329133 1243611183 93293343#2 93293343#3 93293343#4 39492748 -51862993 -302189132#1 -302189132#0 -26824393 -1125292400 -22720752#3 -1125292399 -22724226#1 70573579 1195038724 1022910646 1125292398 47999383 1125292387 356366086 1243611190#1 30657188#3 30657188#4 1243611192 22722567#0 184913169#2,35.443450749597524
145,188,luzern_entry 1204643386 1204643385 1204643382 23093116 1209506566 1209506566-AddedOffRampEdge 1204643381 309763746 1000036322 24820201 39473938 39473882 663212502 663212501#0 137166954 304404984 304404972 304404981 1282200035 304404966 43167162#1-AddedOffRampEdge 184905676#1 304437965 304437948 304437971 137602290 304437957 304437980 371954044 371643232 304443811 304443816 304443813 304443810 1081642035 1194467327 304443809 304443808 304443814 304443815#0 304443815#1 371643240#0 184912169 304449280 304449282 1194474086 1194474088 683885955 34077048 34077049 371954051 304451627 33521942 304451621 371954052 1189211360 371956321 31269881#0 43346331#0 1316288013 304476606 4212603#3 4212603#4 1194954747#0 1194954753 26825652#0 1194954756 1194954759 35192917 1194954761 -711517860 24765230#1 -335329133 1243611183 93293343#2 93293343#3 93293343#4 39492748 -51862993 -302189132#1 -302189132#0 -26824393 -1125292400 -22720752#3 -1125292399 -22724226#1 70573579 1195038724 1022910646 1125292398 47999383 1125292387 356366086 1243611190#1 30657188#3 30657188#4 1243611192 22722567#0 184913169#2,35.443450749597524
145,188,luzern_entry 1204643386 1204643385 1204643382 23093116 1209506566 1209506566-AddedOffRampEdge 1204643381 309763746 1000036322 24820201 39473938 39473882 663212502 663212501#0 137166954 304404984 304404972 304404981 1282200035 304404966 43167162#1-AddedOffRampEdge 184905676#1 304437965 304437948 304437971 137602290 304437957 304437980 371954044 371643232 304443811 304443816 304443813 304443810 1081642035 1194467327 304443809 304443808 304443814 304443815#0 304443815#1 371643240#0 184912169 304449280 304449282 1194474086 1194474088 683885955 34077048 34077049 371954051 304451627 33521942 304451621 371954052 1189211360 371956321 31269881#0 43346331#0 1316288013 304476606 4212603#3 4212603#4 1194954747#0 1194954753 26825652#0 1194954756 1194954759 35192917 1194954761 -711517860 24765230#1 -335329133 1243611183 93293343#2 93293343#3 93293343#4 39492748 -51862993 -302189132#1 -302189132#0 -26824393 -1125292400 -22720752#3 -1125292399 -22724226#1 70573579 1195038724 1022910646 1125292398 47999383 1125292387 356366086 1243611190#1 30657188#3 30657188#4 1243611192 22722567#0 184913169#2,35.443450749597524
145,188,luzern_entry 1204643386 1204643385 1204643382 23093116 1209506566 1209506566-AddedOffRampEdge 1204643381 309763746 1000036322 24820201 39473938 39473882 663212502 663212501#0 137166954 304404984 304404972 304404981 1282200035 304404966 43167162#1-AddedOffRampEdge 184905676#1 304437965 304437948 304437971 137602290 304437957 304437980 371954044 371643232 304443811 304443816 304443813 304443810 1081642035 1194467327 304443809 304443808 304443814 304443815#0 304443815#1 371643240#0 184912169 304449280 304449282 1194474086 1194474088 683885955 34077048 34077049 371954051 304451627 33521942 304451621 371954052 1189211360 371956321 31269881#0 43346331#0 1316288013 304476606 4212603#3 4212603#4 1194954747#0 1194954753 26825652#0 1194954756 1194954759 35192917 1194954761 -711517860 24765230#1 -335329133 1243611183 93293343#2 93293343#3 93293343#4 39492748 -51862993 -302189132#1 -302189132#0 -26824393 -1125292400 -22720752#3 -1125292399 -22724226#1 70573579 1195038724 1022910646 1125292398 47999383 1125292387 356366086 1243611190#1 30657188#3 30657188#4 1243611192 22722567#0 184913169#2,35.443450749597524
145,191,luzern_entry 1204643386 1204643385 1204643382 23093116 1209506566 1209506566-AddedOffRampEdge 1204643381 309763746 1000036322 24820201 39473938 39473882 663212502 663212501#0 137166954 137166980 987192105 28830918 25690544 1184058091 258918300 298293210 291765005 304405012 304405009 -304405005 -28830924 137166963#1 1320061334 258918254#0 258918254#3 258918254#6 976400124 -4306197#4 -647491744#1 -4306199#4 -4306200#9 495532715#0 495532715#3 altdorf_entry 4334004#1 1057663492#0 27665110#0 27665110#2 27665110#5 496300699#0 496300699#1 345246838 184901801#0 4334011#3 4334011#1 27665034#0 1221385239#0 184902356#1 184902356#2 686911532#0 686911532#2 1221385265#0 1221385265#1 burglen_exit 686911533#10 686911533#11 686911533#12 686911533#13 686911533#14 686911533#16 39189078#0 975786587#0 1225169384#0 184919234 1221064457#0 975786591#0 975786592 1228711737,26.507231720952063
145,195,luzern_entry 1204643386 1204643385 1204643382 23093116 1209506566 1209506566-AddedOffRampEdge 1204643381 309763746 1000036322 24820201 39473938 39473882 663212502 663212501#0 137166954 304404984 304404972 304404981 1282200035 304404966 43167162#1-AddedOffRampEdge 184905676#1 304437965 304437948 304437971 137602290 304437957 304437980 371954044 371643232 304443811 304443816 304443813 304443810 1081642035 1194467327 304443809 304443808 304443814 304443815#0 304443815#1 371643240#0 184912169 304449280 304449282 1194474086 1194474088 683885955 34077048 34077049 371954051 304451627 33521942 304451621 371954052 1189211360 371956321 31269881#0 43346331#0 1316288013 304476606 4212603#3 4212603#4 1194954747#0 1194954753 26825652#0 1194954756 1194954759 35192917 1194954761 -711517860 24765230#1 -335329133 1243611183 93293343#2 93293343#3 93293343#4 93293343#5 93293343#6 1282534770 35192918 1280026025 70573572 1355624955#2 35164919#0 184904894#0 E6 E5 128803936 554703504#0 48038772 39574492 39574493#0 136646982 184915794#1 184915794#3 136646983#1 136646985 136646987#0 136646987#2 316146376 233740631#0 136646894 268749757,45.480236051768436
145,195,luzern_entry 1204643386 1204643385 1204643382 23093116 1209506566 1209506566-AddedOffRampEdge 1204643381 309763746 1000036322 24820201 39473938 39473882 663212502 663212501#0 137166954 304404984 304404972 304404981 1282200035 304404966 43167162#1-AddedOffRampEdge 184905676#1 304437965 304437948 304437971 137602290 304437957 304437980 371954044 371643232 304443811 304443816 304443813 304443810 1081642035 1194467327 304443809 304443808 304443814 304443815#0 304443815#1 371643240#0 184912169 304449280 304449282 1194474086 1194474088 683885955 34077048 34077049 371954051 304451627 33521942 304451621 371954052 1189211360 371956321 31269881#0 43346331#0 1316288013 304476606 4212603#3 4212603#4 1194954747#0 1194954753 26825652#0 1194954756 1194954759 35192917 1194954761 -711517860 24765230#1 -335329133 1243611183 93293343#2 93293343#3 93293343#4 93293343#5 93293343#6 1282534770 35192918 1280026025 70573572 1355624955#2 35164919#0 184904894#0 E6 E5 128803936 554703504#0 48038772 39574492 39574493#0 136646982 184915794#1 184915794#3 136646983#1 136646985 136646987#0 136646987#2 316146376 233740631#0 136646894 268749757,45.480236051768436
145,195,luzern_entry 1204643386 1204643385 1204643382 23093116 1209506566 1209506566-AddedOffRampEdge 1204643381 309763746 1000036322 24820201 39473938 39473882 663212502 663212501#0 137166954 304404984 304404972 304404981 1282200035 304404966 43167162#1-AddedOffRampEdge 184905676#1 304437965 304437948 304437971 137602290 304437957 304437980 371954044 371643232 304443811 304443816 304443813 304443810 1081642035 1194467327 304443809 304443808 304443814 304443815#0 304443815#1 371643240#0 184912169 304449280 304449282 1194474086 1194474088 683885955 34077048 34077049 371954051 304451627 33521942 304451621 371954052 1189211360 371956321 31269881#0 43346331#0 1316288013 304476606 4212603#3 4212603#4 1194954747#0 1194954753 26825652#0 1194954756 1194954759 35192917 1194954761 -711517860 24765230#1 -335329133 1243611183 93293343#2 93293343#3 93293343#4 93293343#5 93293343#6 1282534770 35192918 1280026025 70573572 1355624955#2 35164919#0 184904894#0 E6 E5 128803936 554703504#0 48038772 39574492 39574493#0 136646982 184915794#1 184915794#3 136646983#1 136646985 136646987#0 136646987#2 316146376 233740631#0 136646894 268749757,45.480236051768436
145,197,luzern_entry 1204643386 1204643385 1204643382 23093116 1209506566 1209506566-AddedOffRampEdge 1204643381 309763746 1000036322 24820201 39473938 39473882 663212502 663212501#0 137166954 304404984 304404972 304404981 1282200035 304404966 43167162#1-AddedOffRampEdge 184905676#1 304437965 304437948 304437971 137602290 304437957 304437980 371954044 371643232 304443811 304443816 304443813 304443810 1081642035 1194467327 304443809 304443808 304443814 304443815#0 304443815#1 371643240#0 184912169 304449280 304449282 1194474086 1194474088 683885955 34077048 34077049 371954051 1267880145 26245624 1239461761 477570852 1239461755#1 477570859#1 477570853#0 1194474094#0 wassen_exit -231634585#3 -1267880154#0 -74761697 -26825654#0 -1241895949 -26825653#1 -105723923#2 -372395820#4 -231634584#1,30.48426034288094
145,197,luzern_entry 1204643386 1204643385 1204643382 23093116 1209506566 1209506566-AddedOffRampEdge 1204643381 309763746 1000036322 24820201 39473938 39473882 663212502 663212501#0 137166954 304404984 304404972 304404981 1282200035 304404966 43167162#1-AddedOffRampEdge 184905676#1 304437965 304437948 304437971 137602290 304437957 304437980 371954044 371643232 304443811 304443816 304443813 304443810 1081642035 1194467327 304443809 304443808 304443814 304443815#0 304443815#1 371643240#0 184912169 304449280 304449282 1194474086 1194474088 683885955 34077048 34077049 371954051 1267880145 26245624 1239461761 477570852 1239461755#1 477570859#1 477570853#0 1194474094#0 wassen_exit -231634585#3 -1267880154#0 -74761697 -26825654#0 -1241895949 -26825653#1 -105723923#2 -372395820#4 -231634584#1,30.48426034288094
145,197,luzern_entry 1204643386 1204643385 1204643382 23093116 1209506566 1209506566-AddedOffRampEdge 1204643381 309763746 1000036322 24820201 39473938 39473882 663212502 663212501#0 137166954 304404984 304404972 304404981 1282200035 304404966 43167162#1-AddedOffRampEdge 184905676#1 304437965 304437948 304437971 137602290 304437957 304437980 371954044 371643232 304443811 304443816 304443813 304443810 1081642035 1194467327 304443809 304443808 304443814 304443815#0 304443815#1 371643240#0 184912169 304449280 304449282 1194474086 1194474088 683885955 34077048 34077049 371954051 1267880145 26245624 1239461761 477570852 1239461755#1 477570859#1 477570853#0 1194474094#0 wassen_exit -231634585#3 -1267880154#0 -74761697 -26825654#0 -1241895949 -26825653#1 -105723923#2 -372395820#4 -231634584#1,30.48426034288094
146,146,-405939845#2 -975786593 -1227416080#1 -1227416064 -1221064455 -192700367#2 -975786588 -39189078#2 -686911533#18 -686911533#14 -686911533#13 -686911533#12 -686911533#11 -686911533#10 burglen_entry -686911533#3 -1221385265#0 -105905396#1 -686911532#0 -497625446#3 -184902356#1 -970631601#0 -27665034#1,10.705974855695446
146,182,-405939845#2 -975786593 -1227416080#1 -1227416064 -1221064455 -192700367#2 -975786588 -39189078#2 -686911533#18 -686911533#14 -686911533#13 -686911533#12 -686911533#11 -686911533#10 burglen_entry -33446633#0 -1206557145#2 -33446623#5 -33446623#2 -32881546#2 -32881545 -32911345#5 -1361705097#3 -32860709#4 -27665800#1 -27744610#13 -27744610#12 -27744610#10 -27744610#9 -27744610#8 -27744610#7 schattdorf_entry 1057663493#0 110493360#6 110493360#7 382397059#0 1179840015 1179840018 495509368#1 139960776#1 1227355874 175771446#5 175771446#0 175771446#1 1227355865 1227355867 382397062 1227355864 175771445#0 645643600 537680525 500049926#3 40847862#0 40847862#1 1249503597 500049929#0 500049929#3 -304437986 -304437988 1209159864 304437957 304437980 371954044 371643232 304443811 304443816 304443813 304443810 1081642035 1194467327 304443809 304443808 304443814 304443815#0 304443815#1 371643240#0 184912169 304449280 304449282 1194474086 1194474088 683885955 34077048 34077049 371954051 304451627 33521942 304451621 371954052 1189211360 371956321 31269881#0 304451628#0 304451626 304451630 304476717 304476718#0 4214708,28.423077678470378
146,182,-405939845#2 -975786593 -1227416080#1 -1227416064 -1221064455 -192700367#2 -975786588 -39189078#2 -686911533#18 -686911533#14 -686911533#13 -686911533#12 -686911533#11 -686911533#10 burglen_entry -33446633#0 -1206557145#2 -33446623#5 -33446623#2 -32881546#2 -32881545 -32911345#5 -1361705097#3 -32860709#4 -27665800#1 -27744610#13 -27744610#12 -27744610#10 -27744610#9 -27744610#8 -27744610#7 schattdorf_entry 1057663493#0 110493360#6 110493360#7 382397059#0 1179840015 1179840018 495509368#1 139960776#1 1227355874 175771446#5 175771446#0 175771446#1 1227355865 1227355867 382397062 1227355864 175771445#0 645643600 537680525 500049926#3 40847862#0 40847862#1 1249503597 500049929#0 500049929#3 -304437986 -304437988 1209159864 304437957 304437980 371954044 371643232 304443811 304443816 304443813 304443810 1081642035 1194467327 304443809 304443808 304443814 304443815#0 304443815#1 371643240#0 184912169 304449280 304449282 1194474086 1194474088 683885955 34077048 34077049 371954051 304451627 33521942 304451621 371954052 1189211360 371956321 31269881#0 304451628#0 304451626 304451630 304476717 304476718#0 4214708,28.423077678470378
146,182,-405939845#2 -975786593 -1227416080#1 -1227416064 -1221064455 -192700367#2 -975786588 -39189078#2 -686911533#18 -686911533#14 -686911533#13 -686911533#12 -686911533#11 -686911533#10 burglen_entry -33446633#0 -1206557145#2 -33446623#5 -33446623#2 -32881546#2 -32881545 -32911345#5 -1361705097#3 -32860709#4 -27665800#1 -27744610#13 -27744610#12 -27744610#10 -27744610#9 -27744610#8 -27744610#7 schattdorf_entry -1246004176#2 -27744527#3 495510482#0 975788276#0 1179840015 1179840018 495509368#1 139960776#1 1227355874 175771446#5 175771446#0 175771446#1 1227355865 1227355867 382397062 1227355864 175771445#0 645643600 537680525 500049926#3 40847862#0 40847862#1 1249503597 500049929#0 500049929#3 -304437986 -304437988 1209159864 304437957 304437980 371954044 371643232 304443811 304443816 304443813 304443810 1081642035 1194467327 304443809 304443808 304443814 304443815#0 304443815#1 371643240#0 184912169 304449280 304449282 1194474086 1194474088 683885955 34077048 34077049 371954051 304451627 33521942 304451621 371954052 1189211360 371956321 31269881#0 304451628#0 304451626 304451630 304476717 304476718#0 4214708,29.384409882871832
146,182,-405939845#2 -975786593 -1227416080#1 -1227416064 -1221064455 -192700367#2 -975786588 -39189078#2 -686911533#18 -686911533#14 -686911533#13 -686911533#12 -686911533#11 -686911533#10 burglen_entry -33446633#0 -1206557145#2 -33446623#5 -33446623#2 -32881546#2 -32881545 -32911345#5 -1361705097#3 -32860709#4 -27665800#1 -27744610#13 -27744610#12 -27744610#10 -27744610#9 -27744610#8 -27744610#7 schattdorf_entry -1246004176#2 -27744527#3 495510482#0 975788276#0 1179840015 1179840018 495509368#1 139960776#1 1227355874 175771446#5 175771446#0 175771446#1 1227355865 1227355867 382397062 1227355864 175771445#0 645643600 537680525 500049926#3 40847862#0 40847862#1 1249503597 500049929#0 500049929#3 -304437986 -304437988 1209159864 304437957 304437980 371954044 371643232 304443811 304443816 304443813 304443810 1081642035 1194467327 304443809 304443808 304443814 304443815#0 304443815#1 371643240#0 184912169 304449280 304449282 1194474086 1194474088 683885955 34077048 34077049 371954051 304451627 33521942 304451621 371954052 1189211360 371956321 31269881#0 304451628#0 304451626 304451630 304476717 304476718#0 4214708,29.384409882871832
146,184,-405939845#2 -975786593 -1227416080#1 -1227416064 -1221064455 -192700367#2 -975786588 -39189078#2 -686911533#18 -686911533#14 -686911533#13 -686911533#12 -686911533#11 -686911533#10 burglen_entry -686911533#3 -1221385265#0 -105905396#1 -686911532#0 -497625446#3 -184902356#1 -970631601#0 -27665034#1 4334011#2 -184901801#1 -184901800 496300699#2 496300699#3 -1213439396 -27665110#4 -27665110#1 -192681915#1 -4334004#4 altdorf_exit -495532715#14 -495532715#2 4306201#0 4306199#0 647491744#0 4306197#1 184901480#1 -258918251#1 -258918254#5 -258918254#2 -258918252 137166963#2 4275898 982048017 982048015 40453606#0 1268628417 4316551 43197358 171962377#0 1177966477 982048012 -4316554 axenstrasse_exit,18.377220887529063
146,184,-405939845#2 -975786593 -1227416080#1 -1227416064 -1221064455 -192700367#2 -975786588 -39189078#2 -686911533#18 -686911533#14 -686911533#13 -686911533#12 -686911533#11 -686911533#10 burglen_entry -686911533#3 -1221385265#0 -105905396#1 -686911532#0 -497625446#3 -184902356#1 -970631601#0 -27665034#1 4334011#2 -184901801#1 -184901800 496300699#2 496300699#3 -1213439396 -27665110#4 -27665110#1 -192681915#1 -4334004#4 altdorf_exit -495532715#14 -495532715#2 4306201#0 4306199#0 647491744#0 4306197#1 184901480#1 -258918251#1 -258918254#5 -258918254#2 -258918252 137166963#2 4275898 982048017 982048015 40453606#0 1268628417 4316551 43197358 171962377#0 1177966477 982048012 -4316554 axenstrasse_exit,18.377220887529063
146,187,-405939845#2 -975786593 -1227416080#1 -1227416064 -1221064455 -192700367#2 -975786588 -39189078#2 -686911533#18 -686911533#14 -686911533#13 -686911533#12 -686911533#11 -686911533#10 burglen_entry -33446633#0 -1206557145#2 -33446623#5 -33446623#2 -32881546#2 -32881545 -32911345#5 -1361705097#3 -32860709#4 -27665800#1 -27744610#13 -27744610#12 -27744610#10 -27744610#9 -27744610#8 -27744610#7 schattdorf_entry -1246004176#2 -27744527#3 495510482#0 975788276#0 1179840015 1179840018 495509368#1 139960776#1 1227355874 175771446#5 175771446#0 175771446#1 1227355865 1227355867 382397062 1227355864 175771445#0 645643600 537680525 500049926#3 40847862#0 40847862#1 1249503597 500049929#0 500049929#3 -304437986 -304437988 1209159864 304437957 304437980 371954044 371643232 304443811 304443816 304443813 304443810 1081642035 1194467327 304443809 304443808 304443814 304443815#0 304443815#1 371643240#0 184912169 304449280 304449282 1194474086 1194474088 683885955 34077048 34077049 371954051 304451627 33521942 304451621 371954052 1189211360 371956321 31269881#0 43346331#0 1316288013 304476606 4212603#3 4212603#4 1194954747#0 1194954753 26825652#0 1194954756 1194954759 35192917 1194954761 -711517860 24765230#1 -335329133 1243611183 93293343#2 93293343#3 93293343#4 39492748 -51862993 -302189132#1 -302189132#0 -26824393 -1125292400 -22720752#3 -1125292399 -22724226#1 70573579 1195038724 1022910646 1125292398 47999383 1125292387 356366086 1243611190#1 30657188#3 1243611191 1125292389#0 1125292390#0 1125292390#1 184913667,38.40457754207623
146,187,-405939845#2 -975786593 -1227416080#1 -1227416064 -1221064455 -192700367#2 -975786588 -39189078#2 -686911533#18 -686911533#14 -686911533#13 -686911533#12 -686911533#11 -686911533#10 burglen_entry -33446633#0 -1206557145#2 -33446623#5 -33446623#2 -32881546#2 -32881545 -32911345#5 -1361705097#3 -32860709#4 -27665800#1 -27744610#13 -27744610#12 -27744610#10 -27744610#9 -27744610#8 -27744610#7 schattdorf_entry 1057663493#0 110493360#6 110493360#7 382397059#0 1179840015 1179840018 495509368#1 139960776#1 1227355874 175771446#5 175771446#0 175771446#1 1227355865 1227355867 382397062 1227355864 175771445#0 645643600 537680525 500049926#3 40847862#0 40847862#1 1249503597 500049929#0 500049929#3 -304437986 -304437988 1209159864 304437957 304437980 371954044 371643232 304443811 304443816 304443813 304443810 1081642035 1194467327 304443809 304443808 304443814 304443815#0 304443815#1 371643240#0 184912169 304449280 304449282 1194474086 1194474088 683885955 34077048 34077049 371954051 304451627 33521942 304451621 371954052 1189211360 371956321 31269881#0 43346331#0 1316288013 304476606 4212603#3 4212603#4 1194954747#0 1194954753 26825652#0 1194954756 1194954759 35192917 1194954761 -711517860 24765230#1 -335329133 1243611183 93293343#2 93293343#3 93293343#4 39492748 -51862993 -302189132#1 -302189132#0 -26824393 -1125292400 -22720752#3 -1125292399 -22724226#1 70573579 1195038724 1022910646 1125292398 47999383 1125292387 356366086 1243611190#1 30657188#3 1243611191 1125292389#0 1125292390#0 1125292390#1 184913667,37.443245337674774
146,187,-405939845#2 -975786593 -1227416080#1 -1227416064 -1221064455 -192700367#2 -975786588 -39189078#2 -686911533#18 -686911533#14 -686911533#13 -686911533#12 -686911533#11 -686911533#10 burglen_entry -33446633#0 -1206557145#2 -33446623#5 -33446623#2 -32881546#2 -32881545 -32911345#5 -1361705097#3 -32860709#4 -27665800#1 -27744610#13 -27744610#12 -27744610#10 -27744610#9 -27744610#8 -27744610#7 schattdorf_entry -1246004176#2 -27744527#3 495510482#0 975788276#0 1179840015 1179840018 495509368#1 139960776#1 1227355874 175771446#5 175771446#0 175771446#1 1227355865 1227355867 382397062 1227355864 175771445#0 645643600 537680525 500049926#3 40847862#0 40847862#1 1249503597 500049929#0 500049929#3 -304437986 -304437988 1209159864 304437957 304437980 371954044 371643232 304443811 304443816 304443813 304443810 1081642035 1194467327 304443809 304443808 304443814 304443815#0 304443815#1 371643240#0 184912169 304449280 304449282 1194474086 1194474088 683885955 34077048 34077049 371954051 304451627 33521942 304451621 371954052 1189211360 371956321 31269881#0 43346331#0 1316288013 304476606 4212603#3 4212603#4 1194954747#0 1194954753 26825652#0 1194954756 1194954759 35192917 1194954761 -711517860 24765230#1 -335329133 1243611183 93293343#2 93293343#3 93293343#4 39492748 -51862993 -302189132#1 -302189132#0 -26824393 -1125292400 -22720752#3 -1125292399 -22724226#1 70573579 1195038724 1022910646 1125292398 47999383 1125292387 356366086 1243611190#1 30657188#3 1243611191 1125292389#0 1125292390#0 1125292390#1 184913667,38.40457754207623
146,187,-405939845#2 -975786593 -1227416080#1 -1227416064 -1221064455 -192700367#2 -975786588 -39189078#2 -686911533#18 -686911533#14 -686911533#13 -686911533#12 -686911533#11 -686911533#10 burglen_entry -33446633#0 -1206557145#2 -33446623#5 -33446623#2 -32881546#2 -32881545 -32911345#5 -1361705097#3 -32860709#4 -27665800#1 -27744610#13 -27744610#12 -27744610#10 -27744610#9 -27744610#8 -27744610#7 schattdorf_entry 1057663493#0 110493360#6 110493360#7 382397059#0 1179840015 1179840018 495509368#1 139960776#1 1227355874 175771446#5 175771446#0 175771446#1 1227355865 1227355867 382397062 1227355864 175771445#0 645643600 537680525 500049926#3 40847862#0 40847862#1 1249503597 500049929#0 500049929#3 -304437986 -304437988 1209159864 304437957 304437980 371954044 371643232 304443811 304443816 304443813 304443810 1081642035 1194467327 304443809 304443808 304443814 304443815#0 304443815#1 371643240#0 184912169 304449280 304449282 1194474086 1194474088 683885955 34077048 34077049 371954051 304451627 33521942 304451621 371954052 1189211360 371956321 31269881#0 43346331#0 1316288013 304476606 4212603#3 4212603#4 1194954747#0 1194954753 26825652#0 1194954756 1194954759 35192917 1194954761 -711517860 24765230#1 -335329133 1243611183 93293343#2 93293343#3 93293343#4 39492748 -51862993 -302189132#1 -302189132#0 -26824393 -1125292400 -22720752#3 -1125292399 -22724226#1 70573579 1195038724 1022910646 1125292398 47999383 1125292387 356366086 1243611190#1 30657188#3 1243611191 1125292389#0 1125292390#0 1125292390#1 184913667,37.443245337674774
146,188,-405939845#2 -975786593 -1227416080#1 -1227416064 -1221064455 -192700367#2 -975786588 -39189078#2 -686911533#18 -686911533#14 -686911533#13 -686911533#12 -686911533#11 -686911533#10 burglen_entry -33446633#0 -1206557145#2 -33446623#5 -33446623#2 -32881546#2 -32881545 -32911345#5 -1361705097#3 -32860709#4 -27665800#1 -27744610#13 -27744610#12 -27744610#10 -27744610#9 -27744610#8 -27744610#7 schattdorf_entry -1246004176#2 -27744527#3 495510482#0 975788276#0 1179840015 1179840018 495509368#1 139960776#1 1227355874 175771446#5 175771446#0 175771446#1 1227355865 1227355867 382397062 1227355864 175771445#0 645643600 537680525 500049926#3 40847862#0 40847862#1 1249503597 500049929#0 500049929#3 -304437986 -304437988 1209159864 304437957 304437980 371954044 371643232 304443811 304443816 304443813 304443810 1081642035 1194467327 304443809 304443808 304443814 304443815#0 304443815#1 371643240#0 184912169 304449280 304449282 1194474086 1194474088 683885955 34077048 34077049 371954051 304451627 33521942 304451621 371954052 1189211360 371956321 31269881#0 43346331#0 1316288013 304476606 4212603#3 4212603#4 1194954747#0 1194954753 26825652#0 1194954756 1194954759 35192917 1194954761 -711517860 24765230#1 -335329133 1243611183 93293343#2 93293343#3 93293343#4 39492748 -51862993 -302189132#1 -302189132#0 -26824393 -1125292400 -22720752#3 -1125292399 -22724226#1 70573579 1195038724 1022910646 1125292398 47999383 1125292387 356366086 1243611190#1 30657188#3 30657188#4 1243611192 22722567#0 184913169#2,36.79075783937162
146,188,-405939845#2 -975786593 -1227416080#1 -1227416064 -1221064455 -192700367#2 -975786588 -39189078#2 -686911533#18 -686911533#14 -686911533#13 -686911533#12 -686911533#11 -686911533#10 burglen_entry -33446633#0 -1206557145#2 -33446623#5 -33446623#2 -32881546#2 -32881545 -32911345#5 -1361705097#3 -32860709#4 -27665800#1 -27744610#13 -27744610#12 -27744610#10 -27744610#9 -27744610#8 -27744610#7 schattdorf_entry -1246004176#2 -27744527#3 495510482#0 975788276#0 1179840015 1179840018 495509368#1 139960776#1 1227355874 175771446#5 175771446#0 175771446#1 1227355865 1227355867 382397062 1227355864 175771445#0 645643600 537680525 500049926#3 40847862#0 40847862#1 1249503597 500049929#0 500049929#3 -304437986 -304437988 1209159864 304437957 304437980 371954044 371643232 304443811 304443816 304443813 304443810 1081642035 1194467327 304443809 304443808 304443814 304443815#0 304443815#1 371643240#0 184912169 304449280 304449282 1194474086 1194474088 683885955 34077048 34077049 371954051 304451627 33521942 304451621 371954052 1189211360 371956321 31269881#0 43346331#0 1316288013 304476606 4212603#3 4212603#4 1194954747#0 1194954753 26825652#0 1194954756 1194954759 35192917 1194954761 -711517860 24765230#1 -335329133 1243611183 93293343#2 93293343#3 93293343#4 39492748 -51862993 -302189132#1 -302189132#0 -26824393 -1125292400 -22720752#3 -1125292399 -22724226#1 70573579 1195038724 1022910646 1125292398 47999383 1125292387 356366086 1243611190#1 30657188#3 30657188#4 1243611192 22722567#0 184913169#2,36.79075783937162
146,188,-405939845#2 -975786593 -1227416080#1 -1227416064 -1221064455 -192700367#2 -975786588 -39189078#2 -686911533#18 -686911533#14 -686911533#13 -686911533#12 -686911533#11 -686911533#10 burglen_entry -33446633#0 -1206557145#2 -33446623#5 -33446623#2 -32881546#2 -32881545 -32911345#5 -1361705097#3 -32860709#4 -27665800#1 -27744610#13 -27744610#12 -27744610#10 -27744610#9 -27744610#8 -27744610#7 schattdorf_entry 1057663493#0 110493360#6 110493360#7 382397059#0 1179840015 1179840018 495509368#1 139960776#1 1227355874 175771446#5 175771446#0 175771446#1 1227355865 1227355867 382397062 1227355864 175771445#0 645643600 537680525 500049926#3 40847862#0 40847862#1 1249503597 500049929#0 500049929#3 -304437986 -304437988 1209159864 304437957 304437980 371954044 371643232 304443811 304443816 304443813 304443810 1081642035 1194467327 304443809 304443808 304443814 304443815#0 304443815#1 371643240#0 184912169 304449280 304449282 1194474086 1194474088 683885955 34077048 34077049 371954051 304451627 33521942 304451621 371954052 1189211360 371956321 31269881#0 43346331#0 1316288013 304476606 4212603#3 4212603#4 1194954747#0 1194954753 26825652#0 1194954756 1194954759 35192917 1194954761 -711517860 24765230#1 -335329133 1243611183 93293343#2 93293343#3 93293343#4 39492748 -51862993 -302189132#1 -302189132#0 -26824393 -1125292400 -22720752#3 -1125292399 -22724226#1 70573579 1195038724 1022910646 1125292398 47999383 1125292387 356366086 1243611190#1 30657188#3 30657188#4 1243611192 22722567#0 184913169#2,35.829425634970164
146,188,-405939845#2 -975786593 -1227416080#1 -1227416064 -1221064455 -192700367#2 -975786588 -39189078#2 -686911533#18 -686911533#14 -686911533#13 -686911533#12 -686911533#11 -686911533#10 burglen_entry -33446633#0 -1206557145#2 -33446623#5 -33446623#2 -32881546#2 -32881545 -32911345#5 -1361705097#3 -32860709#4 -27665800#1 -27744610#13 -27744610#12 -27744610#10 -27744610#9 -27744610#8 -27744610#7 schattdorf_entry 1057663493#0 110493360#6 110493360#7 382397059#0 1179840015 1179840018 495509368#1 139960776#1 1227355874 175771446#5 175771446#0 175771446#1 1227355865 1227355867 382397062 1227355864 175771445#0 645643600 537680525 500049926#3 40847862#0 40847862#1 1249503597 500049929#0 500049929#3 -304437986 -304437988 1209159864 304437957 304437980 371954044 371643232 304443811 304443816 304443813 304443810 1081642035 1194467327 304443809 304443808 304443814 304443815#0 304443815#1 371643240#0 184912169 304449280 304449282 1194474086 1194474088 683885955 34077048 34077049 371954051 304451627 33521942 304451621 371954052 1189211360 371956321 31269881#0 43346331#0 1316288013 304476606 4212603#3 4212603#4 1194954747#0 1194954753 26825652#0 1194954756 1194954759 35192917 1194954761 -711517860 24765230#1 -335329133 1243611183 93293343#2 93293343#3 93293343#4 39492748 -51862993 -302189132#1 -302189132#0 -26824393 -1125292400 -22720752#3 -1125292399 -22724226#1 70573579 1195038724 1022910646 1125292398 47999383 1125292387 356366086 1243611190#1 30657188#3 30657188#4 1243611192 22722567#0 184913169#2,35.829425634970164
146,194,-405939845#2 -975786593 -1227416080#1 -1227416064 -1221064455 -192700367#2 -975786588 -39189078#2 -686911533#18 -686911533#14 -686911533#13 -686911533#12 -686911533#11 -686911533#10 burglen_entry -686911533#3 -1221385265#0 -105905396#1 -686911532#0 -497625446#3 -184902356#1 -970631601#0 -27665034#1 4334011#2 -184901801#1 -184901800 496300699#2 496300699#3 -1213439396 -27665110#4 -27665110#1 -192681915#1 -4334004#4 altdorf_exit -495532715#14 -495532715#2 4306201#0 4306199#0 647491744#0 4306197#1 184901480#1 -258918251#1 -258918254#5 -258918254#2 -258918252 137166963#2 137166963#3 137166963#4 28830924 28830924.43 304405005 25382810 1246403281 304405015 1174829580 137166981 1204885515 304404968 304404976#0 581552358 1209506568#3 319335922 309763747 4271843 319335924 1204643379 99630367 39339832 1204643383 903892978 1204643387 luzern_exit,25.49886011420008
146,195,-405939845#2 -975786593 -1227416080#1 -1227416064 -1221064455 -192700367#2 -975786588 -39189078#2 -686911533#18 -686911533#14 -686911533#13 -686911533#12 -686911533#11 -686911533#10 burglen_entry -33446633#0 -1206557145#2 -33446623#5 -33446623#2 -32881546#2 -32881545 -32911345#5 -1361705097#3 -32860709#4 -27665800#1 -27744610#13 -27744610#12 -27744610#10 -27744610#9 -27744610#8 -27744610#7 schattdorf_entry -1246004176#2 -27744527#3 495510482#0 975788276#0 1179840015 1179840018 495509368#1 139960776#1 1227355874 175771446#5 175771446#0 175771446#1 1227355865 1227355867 382397062 1227355864 175771445#0 645643600 537680525 500049926#3 40847862#0 40847862#1 1249503597 500049929#0 500049929#3 -304437986 -304437988 1209159864 304437957 304437980 371954044 371643232 304443811 304443816 304443813 304443810 1081642035 1194467327 304443809 304443808 304443814 304443815#0 304443815#1 371643240#0 184912169 304449280 304449282 1194474086 1194474088 683885955 34077048 34077049 371954051 304451627 33521942 304451621 371954052 1189211360 371956321 31269881#0 43346331#0 1316288013 304476606 4212603#3 4212603#4 1194954747#0 1194954753 26825652#0 1194954756 1194954759 35192917 1194954761 -711517860 24765230#1 -335329133 1243611183 93293343#2 93293343#3 93293343#4 93293343#5 93293343#6 1282534770 35192918 1280026025 70573572 1355624955#2 35164919#0 184904894#0 E6 E5 128803936 554703504#0 48038772 39574492 39574493#0 136646982 184915794#1 184915794#3 136646983#1 136646985 136646987#0 136646987#2 316146376 233740631#0 136646894 268749757,46.827543141542534
146,195,-405939845#2 -975786593 -1227416080#1 -1227416064 -1221064455 -192700367#2 -975786588 -39189078#2 -686911533#18 -686911533#14 -686911533#13 -686911533#12 -686911533#11 -686911533#10 burglen_entry -33446633#0 -1206557145#2 -33446623#5 -33446623#2 -32881546#2 -32881545 -32911345#5 -1361705097#3 -32860709#4 -27665800#1 -27744610#13 -27744610#12 -27744610#10 -27744610#9 -27744610#8 -27744610#7 schattdorf_entry -1246004176#2 -27744527#3 495510482#0 975788276#0 1179840015 1179840018 495509368#1 139960776#1 1227355874 175771446#5 175771446#0 175771446#1 1227355865 1227355867 382397062 1227355864 175771445#0 645643600 537680525 500049926#3 40847862#0 40847862#1 1249503597 500049929#0 500049929#3 -304437986 -304437988 1209159864 304437957 304437980 371954044 371643232 304443811 304443816 304443813 304443810 1081642035 1194467327 304443809 304443808 304443814 304443815#0 304443815#1 371643240#0 184912169 304449280 304449282 1194474086 1194474088 683885955 34077048 34077049 371954051 304451627 33521942 304451621 371954052 1189211360 371956321 31269881#0 43346331#0 1316288013 304476606 4212603#3 4212603#4 1194954747#0 1194954753 26825652#0 1194954756 1194954759 35192917 1194954761 -711517860 24765230#1 -335329133 1243611183 93293343#2 93293343#3 93293343#4 93293343#5 93293343#6 1282534770 35192918 1280026025 70573572 1355624955#2 35164919#0 184904894#0 E6 E5 128803936 554703504#0 48038772 39574492 39574493#0 136646982 184915794#1 184915794#3 136646983#1 136646985 136646987#0 136646987#2 316146376 233740631#0 136646894 268749757,46.827543141542534
146,195,-405939845#2 -975786593 -1227416080#1 -1227416064 -1221064455 -192700367#2 -975786588 -39189078#2 -686911533#18 -686911533#14 -686911533#13 -686911533#12 -686911533#11 -686911533#10 burglen_entry -33446633#0 -1206557145#2 -33446623#5 -33446623#2 -32881546#2 -32881545 -32911345#5 -1361705097#3 -32860709#4 -27665800#1 -27744610#13 -27744610#12 -27744610#10 -27744610#9 -27744610#8 -27744610#7 schattdorf_entry -1246004176#2 -27744527#3 495510482#0 975788276#0 1179840015 1179840018 495509368#1 139960776#1 1227355874 175771446#5 175771446#0 175771446#1 1227355865 1227355867 382397062 1227355864 175771445#0 645643600 537680525 500049926#3 40847862#0 40847862#1 1249503597 500049929#0 500049929#3 -304437986 -304437988 1209159864 304437957 304437980 371954044 371643232 304443811 304443816 304443813 304443810 1081642035 1194467327 304443809 304443808 304443814 304443815#0 304443815#1 371643240#0 184912169 304449280 304449282 1194474086 1194474088 683885955 34077048 34077049 371954051 304451627 33521942 304451621 371954052 1189211360 371956321 31269881#0 43346331#0 1316288013 304476606 4212603#3 4212603#4 1194954747#0 1194954753 26825652#0 1194954756 1194954759 35192917 1194954761 -711517860 24765230#1 -335329133 1243611183 93293343#2 93293343#3 93293343#4 93293343#5 93293343#6 1282534770 35192918 1280026025 70573572 1355624955#2 35164919#0 184904894#0 E6 E5 128803936 554703504#0 48038772 39574492 39574493#0 136646982 184915794#1 184915794#3 136646983#1 136646985 136646987#0 136646987#2 316146376 233740631#0 136646894 268749757,46.827543141542534
146,195,-405939845#2 -975786593 -1227416080#1 -1227416064 -1221064455 -192700367#2 -975786588 -39189078#2 -686911533#18 -686911533#14 -686911533#13 -686911533#12 -686911533#11 -686911533#10 burglen_entry -33446633#0 -1206557145#2 -33446623#5 -33446623#2 -32881546#2 -32881545 -32911345#5 -1361705097#3 -32860709#4 -27665800#1 -27744610#13 -27744610#12 -27744610#10 -27744610#9 -27744610#8 -27744610#7 schattdorf_entry -1246004176#2 -27744527#3 495510482#0 975788276#0 1179840015 1179840018 495509368#1 139960776#1 1227355874 175771446#5 175771446#0 175771446#1 1227355865 1227355867 382397062 1227355864 175771445#0 645643600 537680525 500049926#3 40847862#0 40847862#1 1249503597 500049929#0 500049929#3 -304437986 -304437988 1209159864 304437957 304437980 371954044 371643232 304443811 304443816 304443813 304443810 1081642035 1194467327 304443809 304443808 304443814 304443815#0 304443815#1 371643240#0 184912169 304449280 304449282 1194474086 1194474088 683885955 34077048 34077049 371954051 304451627 33521942 304451621 371954052 1189211360 371956321 31269881#0 43346331#0 1316288013 304476606 4212603#3 4212603#4 1194954747#0 1194954753 26825652#0 1194954756 1194954759 35192917 1194954761 -711517860 24765230#1 -335329133 1243611183 93293343#2 93293343#3 93293343#4 93293343#5 93293343#6 1282534770 35192918 1280026025 70573572 1355624955#2 35164919#0 184904894#0 E6 E5 128803936 554703504#0 48038772 39574492 39574493#0 136646982 184915794#1 184915794#3 136646983#1 136646985 136646987#0 136646987#2 316146376 233740631#0 136646894 268749757,46.827543141542534
146,197,-405939845#2 -975786593 -1227416080#1 -1227416064 -1221064455 -192700367#2 -975786588 -39189078#2 -686911533#18 -686911533#14 -686911533#13 -686911533#12 -686911533#11 -686911533#10 burglen_entry -33446633#0 -1206557145#2 -33446623#5 -33446623#2 -32881546#2 -32881545 -32911345#5 -1361705097#3 -32860709#4 -27665800#1 -27744610#13 -27744610#12 -27744610#10 -27744610#9 -27744610#8 -27744610#7 schattdorf_entry 1057663493#0 110493360#6 110493360#7 382397059#0 1179840015 1179840018 495509368#1 139960776#1 1227355874 175771446#5 175771446#0 175771446#1 1227355865 1227355867 382397062 1227355864 175771445#0 645643600 537680525 500049926#3 40847862#0 40847862#1 1249503597 500049929#0 500049929#3 -304437986 -304437988 1209159864 304437957 304437980 371954044 371643232 304443811 304443816 304443813 304443810 1081642035 1194467327 304443809 304443808 304443814 304443815#0 304443815#1 371643240#0 184912169 304449280 304449282 1194474086 1194474088 683885955 34077048 34077049 371954051 1267880145 26245624 1239461761 477570852 1239461755#1 477570859#1 477570853#0 1194474094#0 wassen_exit -231634585#3 -1267880154#0 -74761697 -26825654#0 -1241895949 -26825653#1 -105723923#2 -372395820#4 -231634584#1,30.870235228253584
146,197,-405939845#2 -975786593 -1227416080#1 -1227416064 -1221064455 -192700367#2 -975786588 -39189078#2 -686911533#18 -686911533#14 -686911533#13 -686911533#12 -686911533#11 -686911533#10 burglen_entry -33446633#0 -1206557145#2 -33446623#5 -33446623#2 -32881546#2 -32881545 -32911345#5 -1361705097#3 -32860709#4 -27665800#1 -27744610#13 -27744610#12 -27744610#10 -27744610#9 -27744610#8 -27744610#7 schattdorf_entry -1246004176#2 -27744527#3 495510482#0 975788276#0 1179840015 1179840018 495509368#1 139960776#1 1227355874 175771446#5 175771446#0 175771446#1 1227355865 1227355867 382397062 1227355864 175771445#0 645643600 537680525 500049926#3 40847862#0 40847862#1 1249503597 500049929#0 500049929#3 -304437986 -304437988 1209159864 304437957 304437980 371954044 371643232 304443811 304443816 304443813 304443810 1081642035 1194467327 304443809 304443808 304443814 304443815#0 304443815#1 371643240#0 184912169 304449280 304449282 1194474086 1194474088 683885955 34077048 34077049 371954051 1267880145 26245624 1239461761 477570852 1239461755#1 477570859#1 477570853#0 1194474094#0 wassen_exit -231634585#3 -1267880154#0 -74761697 -26825654#0 -1241895949 -26825653#1 -105723923#2 -372395820#4 -231634584#1,31.83156743265504
146,197,-405939845#2 -975786593 -1227416080#1 -1227416064 -1221064455 -192700367#2 -975786588 -39189078#2 -686911533#18 -686911533#14 -686911533#13 -686911533#12 -686911533#11 -686911533#10 burglen_entry -33446633#0 -1206557145#2 -33446623#5 -33446623#2 -32881546#2 -32881545 -32911345#5 -1361705097#3 -32860709#4 -27665800#1 -27744610#13 -27744610#12 -27744610#10 -27744610#9 -27744610#8 -27744610#7 schattdorf_entry 1057663493#0 110493360#6 110493360#7 382397059#0 1179840015 1179840018 495509368#1 139960776#1 1227355874 175771446#5 175771446#0 175771446#1 1227355865 1227355867 382397062 1227355864 175771445#0 645643600 537680525 500049926#3 40847862#0 40847862#1 1249503597 500049929#0 500049929#3 -304437986 -304437988 1209159864 304437957 304437980 371954044 371643232 304443811 304443816 304443813 304443810 1081642035 1194467327 304443809 304443808 304443814 304443815#0 304443815#1 371643240#0 184912169 304449280 304449282 1194474086 1194474088 683885955 34077048 34077049 371954051 1267880145 26245624 1239461761 477570852 1239461755#1 477570859#1 477570853#0 1194474094#0 wassen_exit -231634585#3 -1267880154#0 -74761697 -26825654#0 -1241895949 -26825653#1 -105723923#2 -372395820#4 -231634584#1,30.870235228253584
146,197,-405939845#2 -975786593 -1227416080#1 -1227416064 -1221064455 -192700367#2 -975786588 -39189078#2 -686911533#18 -686911533#14 -686911533#13 -686911533#12 -686911533#11 -686911533#10 burglen_entry -33446633#0 -1206557145#2 -33446623#5 -33446623#2 -32881546#2 -32881545 -32911345#5 -1361705097#3 -32860709#4 -27665800#1 -27744610#13 -27744610#12 -27744610#10 -27744610#9 -27744610#8 -27744610#7 schattdorf_entry -1246004176#2 -27744527#3 495510482#0 975788276#0 1179840015 1179840018 495509368#1 139960776#1 1227355874 175771446#5 175771446#0 175771446#1 1227355865 1227355867 382397062 1227355864 175771445#0 645643600 537680525 500049926#3 40847862#0 40847862#1 1249503597 500049929#0 500049929#3 -304437986 -304437988 1209159864 304437957 304437980 371954044 371643232 304443811 304443816 304443813 304443810 1081642035 1194467327 304443809 304443808 304443814 304443815#0 304443815#1 371643240#0 184912169 304449280 304449282 1194474086 1194474088 683885955 34077048 34077049 371954051 1267880145 26245624 1239461761 477570852 1239461755#1 477570859#1 477570853#0 1194474094#0 wassen_exit -231634585#3 -1267880154#0 -74761697 -26825654#0 -1241895949 -26825653#1 -105723923#2 -372395820#4 -231634584#1,31.83156743265504
160,182,-771973939#2 -730987345 -233740631#2 -233740632#1 -1192044922 -136646987#1 -136646985 -136646983#4 -136646983#0 -184915794#2 -184915794#0 -39574493#3 -39574492 -619876729#3 -554703504#1 -554703502 E7 -184904895 -35164919#2 -1355624955#4 -1355624955#1 -1280026025 -35192918 93293334 93293343#8 335329132 335329133 -24765232 -24765230#0 -26825644 -35192917 -1194954759 -619870904 -1194954755 -1194954753 -1194954747#1 4212603#5 4212603#1 goeschenen_einfahrt 4212611 1316288014 33521930 304476604#0 1146129980 304476717 304476718#0 4214708,19.17015751317236
160,184,-771973939#2 -730987345 -233740631#2 -233740632#1 -1192044922 -136646987#1 -136646985 -136646983#4 -136646983#0 -184915794#2 -184915794#0 -39574493#3 -39574492 -619876729#3 -554703504#1 -554703502 E7 -184904895 -35164919#2 -1355624955#4 -1355624955#1 -1280026025 -35192918 93293334 93293343#8 335329132 335329133 -24765232 -24765230#0 -26825644 -35192917 -1194954759 -619870904 -1194954755 -1194954753 -1194954747#1 4212603#5 4212603#1 goeschenen_einfahrt 4212611 1316288014 1255318897 803039921 1246133442 372097229 304451629 304451625 1239461754 304451624 33527190#0 52907513#0 40653036#1 136646884 304443818 304443817 52907514 34077075#1 1255326319 34077077#1 304439899 304439901 304439900 1282201319 304439898 1282200037 304437963 304437983 304437974 304437951#0 304437951#0-AddedOffRampEdge 304437951#1 304437960 304437978 137166951 304404987 304404987-AddedOffRampEdge 298292686#0 298292686#1 1184058091 258918300 298293210 291765005 304405012 304405009 -304405005 -28830924 137166963#1 137166963#2 4275898 982048017 982048015 40453606#0 1268628417 4316551 43197358 171962377#0 1177966477 982048012 -4316554 axenstrasse_exit,39.25940755537215
160,184,-771973939#2 -730987345 -233740631#2 -233740632#1 -1192044922 -136646987#1 -136646985 -136646983#4 -136646983#0 -184915794#2 -184915794#0 -39574493#3 -39574492 -619876729#3 -554703504#1 -554703502 E7 -184904895 -35164919#2 -1355624955#4 -1355624955#1 -1280026025 -35192918 93293334 93293343#8 335329132 335329133 -24765232 -24765230#0 -26825644 -35192917 -1194954759 -619870904 -1194954755 -1194954753 -1194954747#1 4212603#5 4212603#1 goeschenen_einfahrt 4212611 1316288014 1255318897 803039921 1246133442 372097229 304451629 304451625 1239461754 304451624 33527190#0 52907513#0 40653036#1 136646884 304443818 304443817 52907514 34077075#1 1255326319 34077077#1 304439899 304439901 304439900 1282201319 304439898 1282200037 304437963 304437983 304437974 304437951#0 304437951#0-AddedOffRampEdge 304437951#1 304437960 304437978 137166951 304404987 304404987-AddedOffRampEdge 298292686#0 298292686#1 1184058091 258918300 298293210 291765005 304405012 304405009 -304405005 -28830924 137166963#1 137166963#2 4275898 982048017 982048015 40453606#0 1268628417 4316551 43197358 171962377#0 1177966477 982048012 -4316554 axenstrasse_exit,39.25940755537215
160,184,-771973939#2 -730987345 -233740631#2 -233740632#1 -1192044922 -136646987#1 -136646985 -136646983#4 -136646983#0 -184915794#2 -184915794#0 -39574493#3 -39574492 -619876729#3 -554703504#1 -554703502 E7 -184904895 -35164919#2 -1355624955#4 -1355624955#1 -1280026025 -35192918 93293334 93293343#8 335329132 335329133 -24765232 -24765230#0 -26825644 -35192917 -1194954759 -619870904 -1194954755 -1194954753 -1194954747#1 4212603#5 4212603#1 goeschenen_einfahrt 4212611 1316288014 1255318897 803039921 1246133442 372097229 304451629 304451625 1239461754 304451624 33527190#0 52907513#0 40653036#1 136646884 304443818 304443817 52907514 34077075#1 1255326319 34077077#1 304439899 304439901 304439900 1282201319 304439898 1282200037 304437963 304437983 304437974 304437951#0 304437951#0-AddedOffRampEdge 304437951#1 304437960 304437978 137166951 304404987 304404987-AddedOffRampEdge 298292686#0 298292686#1 1184058091 258918300 298293210 291765005 304405012 304405009 -304405005 -28830924 137166963#1 137166963#2 4275898 982048017 982048015 40453606#0 1268628417 4316551 43197358 171962377#0 1177966477 982048012 -4316554 axenstrasse_exit,39.25940755537215
160,187,-771973939#2 -730987345 -233740631#2 -233740632#1 -1192044922 -136646987#1 -136646985 -136646983#4 -136646983#0 -184915794#2 -184915794#0 -39574493#3 -39574492 -619876729#3 -554703504#1 -554703502 E7 E6 30924344#1 136646886#1 136646886#6 778602967#0 778602967#2 1228848710 480605668#0 184904619 1301822376 -22724226#1 70573579 1195038724 1022910646 1125292398 47999383 1125292387 356366086 1243611190#1 30657188#3 1243611191 1125292389#0 1125292390#0 1125292390#1 184913667,18.68910327110473
160,188,-771973939#2 -730987345 -233740631#2 -233740632#1 -1192044922 -136646987#1 -136646985 -136646983#4 -136646983#0 -184915794#2 -184915794#0 -39574493#3 -39574492 -619876729#3 -554703504#1 -554703502 E7 E6 30924344#1 136646886#1 136646886#6 778602967#0 778602967#2 1228848710 480605668#0 184904619 1301822376 -22724226#1 70573579 1195038724 1022910646 1125292398 47999383 1125292387 356366086 1243611190#1 30657188#3 30657188#4 1243611192 22722567#0 184913169#2,17.07528356840012
160,191,-771973939#2 -730987345 -233740631#2 -233740632#1 -1192044922 -136646987#1 -136646985 -136646983#4 -136646983#0 -184915794#2 -184915794#0 -39574493#3 -39574492 -619876729#3 -554703504#1 -554703502 E7 -184904895 -35164919#2 -1355624955#4 -1355624955#1 -1280026025 -35192918 93293334 93293343#8 335329132 335329133 -24765232 -24765230#0 -26825644 -35192917 -1194954759 -619870904 -1194954755 -1194954753 -1194954747#1 4212603#5 4212603#1 goeschenen_einfahrt 4212611 1316288014 1255318897 803039921 1246133442 372097229 304451629 304451625 1239461754 304451624 33527190#0 52907513#0 40653036#1 136646884 304443818 304443817 52907514 34077075#1 1255326319 34077077#1 304439899 304439901 304439900 1282201319 304439898 1282200037 304437963 40533577 378596812 -43199799 -500049929#1 -1249503597 988527784 500049928#1 500049926#5 500049926#6 500049926#0 537680526 -645643600 -537680528 -1227355864 -382397062 -382397061 1227355866 175771446#3 1227355875 -495509369#1 -139960776#0 -495509368#0 -1179840015 -975788276#1 -27743086#3 1246000045 1246004176#0 schattdorf_exit 27744610#7 27744610#8 27744610#9 27744610#10 27744610#12 27744610#13 27665800#0 32860709#1 1361705097#0 32911345#0 32881545 32881546#0 33446623#0 33446623#4 1206557145#0 33446633#0 burglen_exit 686911533#10 686911533#11 686911533#12 686911533#13 686911533#14 686911533#16 39189078#0 975786587#0 1225169384#0 184919234 1221064457#0 975786591#0 975786592 1228711737,46.50504964736662
160,191,-771973939#2 -730987345 -233740631#2 -233740632#1 -1192044922 -136646987#1 -136646985 -136646983#4 -136646983#0 -184915794#2 -184915794#0 -39574493#3 -39574492 -619876729#3 -554703504#1 -554703502 E7 -184904895 -35164919#2 -1355624955#4 -1355624955#1 -1280026025 -35192918 93293334 93293343#8 335329132 335329133 -24765232 -24765230#0 -26825644 -35192917 -1194954759 -619870904 -1194954755 -1194954753 -1194954747#1 4212603#5 4212603#1 goeschenen_einfahrt 4212611 1316288014 1255318897 803039921 1246133442 372097229 304451629 304451625 1239461754 304451624 33527190#0 52907513#0 40653036#1 136646884 304443818 304443817 52907514 34077075#1 1255326319 34077077#1 304439899 304439901 304439900 1282201319 304439898 1282200037 304437963 40533577 378596812 -43199799 -500049929#1 -1249503597 988527784 500049928#1 500049926#5 500049926#6 500049926#0 537680526 -645643600 -537680528 -1227355864 -382397062 -382397061 1227355866 175771446#3 1227355875 -495509369#1 -139960776#0 -495509368#0 -1179840015 -1023263162#1 -110493360#8 -110493360#6 -110493360#4 schattdorf_exit 27744610#7 27744610#8 27744610#9 27744610#10 27744610#12 27744610#13 27665800#0 32860709#1 1361705097#0 32911345#0 32881545 32881546#0 33446623#0 33446623#4 1206557145#0 33446633#0 burglen_exit 686911533#10 686911533#11 686911533#12 686911533#13 686911533#14 686911533#16 39189078#0 975786587#0 1225169384#0 184919234 1221064457#0 975786591#0 975786592 1228711737,45.55117673584381
160,191,-771973939#2 -730987345 -233740631#2 -233740632#1 -1192044922 -136646987#1 -136646985 -136646983#4 -136646983#0 -184915794#2 -184915794#0 -39574493#3 -39574492 -619876729#3 -554703504#1 -554703502 E7 -184904895 -35164919#2 -1355624955#4 -1355624955#1 -1280026025 -35192918 93293334 93293343#8 335329132 335329133 -24765232 -24765230#0 -26825644 -35192917 -1194954759 -619870904 -1194954755 -1194954753 -1194954747#1 4212603#5 4212603#1 goeschenen_einfahrt 4212611 1316288014 1255318897 803039921 1246133442 372097229 304451629 304451625 1239461754 304451624 33527190#0 52907513#0 40653036#1 136646884 304443818 304443817 52907514 34077075#1 1255326319 34077077#1 304439899 304439901 304439900 1282201319 304439898 1282200037 304437963 40533577 378596812 -43199799 -500049929#1 -1249503597 988527784 500049928#1 500049926#5 500049926#6 500049926#0 537680526 -645643600 -537680528 -1227355864 -382397062 -382397061 1227355866 175771446#3 1227355875 -495509369#1 -139960776#0 -495509368#0 -1179840015 -1023263162#1 -110493360#8 -110493360#6 -110493360#4 schattdorf_exit 27744610#7 27744610#8 27744610#9 27744610#10 27744610#12 27744610#13 27665800#0 32860709#1 1361705097#0 32911345#0 32881545 32881546#0 33446623#0 33446623#4 1206557145#0 33446633#0 burglen_exit 686911533#10 686911533#11 686911533#12 686911533#13 686911533#14 686911533#16 39189078#0 975786587#0 1225169384#0 184919234 1221064457#0 975786591#0 975786592 1228711737,45.55117673584381
160,194,-771973939#2 -730987345 -233740631#2 -233740632#1 -1192044922 -136646987#1 -136646985 -136646983#4 -136646983#0 -184915794#2 -184915794#0 -39574493#3 -39574492 -619876729#3 -554703504#1 -554703502 E7 -184904895 -35164919#2 -1355624955#4 -1355624955#1 -1280026025 -35192918 93293334 93293343#8 335329132 335329133 -24765232 -24765230#0 -26825644 -35192917 -1194954759 -619870904 -1194954755 -1194954753 -1194954747#1 4212603#5 4212603#1 goeschenen_einfahrt 4212611 1316288014 1255318897 803039921 1246133442 372097229 304451629 304451625 1239461754 304451624 33527190#0 52907513#0 40653036#1 136646884 304443818 304443817 52907514 34077075#1 1255326319 34077077#1 304439899 304439901 304439900 1282201319 304439898 1282200037 304437963 304437983 304437974 304437951#0 304437951#0-AddedOffRampEdge 304437951#1 304437960 304437978 137166951 304404987 304404987-AddedOffRampEdge 304404963 1204885514 304404968 304404976#0 581552358 1209506568#3 319335922 309763747 4271843 319335924 1204643379 99630367 39339832 1204643383 903892978 1204643387 luzern_exit,44.927307286146906
160,194,-771973939#2 -730987345 -233740631#2 -233740632#1 -1192044922 -136646987#1 -136646985 -136646983#4 -136646983#0 -184915794#2 -184915794#0 -39574493#3 -39574492 -619876729#3 -554703504#1 -554703502 E7 -184904895 -35164919#2 -1355624955#4 -1355624955#1 -1280026025 -35192918 93293334 93293343#8 335329132 335329133 -24765232 -24765230#0 -26825644 -35192917 -1194954759 -619870904 -1194954755 -1194954753 -1194954747#1 4212603#5 4212603#1 goeschenen_einfahrt 4212611 1316288014 1255318897 803039921 1246133442 372097229 304451629 304451625 1239461754 304451624 33527190#0 52907513#0 40653036#1 136646884 304443818 304443817 52907514 34077075#1 1255326319 34077077#1 304439899 304439901 304439900 1282201319 304439898 1282200037 304437963 304437983 304437974 304437951#0 304437951#0-AddedOffRampEdge 304437951#1 304437960 304437978 137166951 304404987 304404987-AddedOffRampEdge 304404963 1204885514 304404968 304404976#0 581552358 1209506568#3 319335922 309763747 4271843 319335924 1204643379 99630367 39339832 1204643383 903892978 1204643387 luzern_exit,44.927307286146906
160,194,-771973939#2 -730987345 -233740631#2 -233740632#1 -1192044922 -136646987#1 -136646985 -136646983#4 -136646983#0 -184915794#2 -184915794#0 -39574493#3 -39574492 -619876729#3 -554703504#1 -554703502 E7 -184904895 -35164919#2 -1355624955#4 -1355624955#1 -1280026025 -35192918 93293334 93293343#8 335329132 335329133 -24765232 -24765230#0 -26825644 -35192917 -1194954759 -619870904 -1194954755 -1194954753 -1194954747#1 4212603#5 4212603#1 goeschenen_einfahrt 4212611 1316288014 1255318897 803039921 1246133442 372097229 304451629 304451625 1239461754 304451624 33527190#0 52907513#0 40653036#1 136646884 304443818 304443817 52907514 34077075#1 1255326319 34077077#1 304439899 304439901 304439900 1282201319 304439898 1282200037 304437963 304437983 304437974 304437951#0 304437951#0-AddedOffRampEdge 304437951#1 304437960 304437978 137166951 304404987 304404987-AddedOffRampEdge 304404963 1204885514 304404968 304404976#0 581552358 1209506568#3 319335922 309763747 4271843 319335924 1204643379 99630367 39339832 1204643383 903892978 1204643387 luzern_exit,44.927307286146906
160,197,-771973939#2 -730987345 -233740631#2 -233740632#1 -1192044922 -136646987#1 -136646985 -136646983#4 -136646983#0 -184915794#2 -184915794#0 -39574493#3 -39574492 -619876729#3 -554703504#1 -554703502 E7 -184904895 -35164919#2 -1355624955#4 -1355624955#1 -1280026025 -35192918 93293334 93293343#8 335329132 335329133 -24765232 -24765230#0 -26825644 -35192917 -1194954759 -619870904 -1194954755 -1194954753 -1194954747#1 4212603#5 -268051640#2 -34077043#2 -34077046#3 -1194954739 -883000239#4 E1 -1194474097#3 -1194474097#0 -109543871 wassen_exit -231634585#3 -1267880154#0 -74761697 -26825654#0 -1241895949 -26825653#1 -105723923#2 -372395820#4 -231634584#1,26.151475749531247
160,197,-771973939#2 -730987345 -233740631#2 -233740632#1 -1192044922 -136646987#1 -136646985 -136646983#4 -136646983#0 -184915794#2 -184915794#0 -39574493#3 -39574492 -619876729#3 -554703504#1 -554703502 E7 -184904895 -35164919#2 -1355624955#4 -1355624955#1 -1280026025 -35192918 93293334 93293343#8 335329132 335329133 -24765232 -24765230#0 -26825644 -35192917 -1194954759 -619870904 -1194954755 -1194954753 -1194954747#1 4212603#5 -268051640#2 -34077043#2 -34077046#3 -1194954739 -883000239#4 E1 -1194474097#3 -1194474097#0 -109543871 wassen_exit -231634585#3 -1267880154#0 -74761697 -26825654#0 -1241895949 -26825653#1 -105723923#2 -372395820#4 -231634584#1,26.151475749531247
161,161,-495509369#1 -139960776#0 -495509368#0 -1179840015 -1023263162#1 -110493360#8 -110493360#6 -110493360#4 -1243554241#1 -4214424#2 -110493362#0 -40153586 -40153585 -139960779#2 -1175379985#0 -1175379984 -27122977#8 -27122977#4 -27122977#2 4334011#1 4334011#2 -184901801#1 -184901800 496300699#2 496300699#3 -1213439396 -27665110#4 -27665110#1 -192681915#1 -4334004#4 altdorf_exit -495532715#14 -495532715#2 4306201#0 4306199#0 647491744#0 4306197#1 184901480#1,4.670779825316434
162,162,175771449#1 35192916#0 184919614 446397844 265803670#0 1207509565 446397842 1204306714 184903367 939461794#0 495512239 939461796#0 939461796#1 24210993#0 446473442#1 34077096 1250499162#1 27366356#0 -495532715#2 4306201#0 4306199#0 647491744#0 4306197#1 184901480#1 -258918251#1,5.442958637341265
165,163,486406647#4 seefeld_entry 1265706582 1177096612 24356947 24356948 981333088#0 981333088#3 26195249#0 27665201#0 28830807#0 496298784#0 27120166#0 27120166#8 -4306199#4 -4306200#9 495532715#0 495532715#3 altdorf_entry 4334004#1 1057663492#0 27665110#0 27665110#2 27665110#5 496300699#0 496300699#1 345246838 184901801#0,3.984114760921106
165,164,486406647#4 seefeld_entry 1265706582 1177096612 24356947 24356948 981333088#0 981333088#3 26195249#0 27665201#0 28830807#0 496298784#0 974810233#1 446471813#0 446471813#4 1320061329#3 974810234#0 34077097#1 34077097#2 34077097#4 34077097#5,2.916231581731504
165,165,486406647#4 seefeld_entry 1265706582 1177096612 24356947 24356948 -24356945#1 -304428914#2 -304428914#1 -27665246#1 -346182028#1 -346182028#0 346180018#0 346180017 43154492 304405012 304405009 -304405005 -28830924 137166963#1 137166963#2 137166963#3 -1177928068 -137261949#0 -1154864514 -1154864513 -1177928069,3.4642868395272695
182,182,180374196#1 1290745222 372395819#0 105723923#3 1241895949 26825654#0 26825654#1 1241895950 231634585#0 wassen_entry -33521940#6 -477570853#1 477570856#1 477570856#2 1184531523 wassen_einfahrt_1 26245639-AddedOnRampEdge 26245639 33521942 304451621 371954052 1189211360 371956321 31269881#0 304451628#0 304451626 304451630 304476717 304476718#0 4214708,11.101050148956428
182,182,180374196#1 1290745222 372395819#0 105723923#3 1241895949 26825654#0 26825654#1 1241895950 231634585#0 wassen_entry 109543871 1194954728 1194474097#1 1158670165#0 883000239#1 1194954738 34077046#0 34077044 268051640#0 4212603#1 goeschenen_einfahrt 4212611 1316288014 33521930 304476604#0 1146129980 304476717 304476718#0 4214708,11.544211014246077
182,184,180374196#1 1290745222 372395819#0 105723923#3 1241895949 26825654#0 26825654#1 1241895950 231634585#0 wassen_entry -33521940#6 -477570853#1 477570856#1 477570856#2 1184531523 1184531524#1 -477571859 477571862#0 1239461753 477571875 1239461754 304451624 33527190#0 52907513#0 40653036#1 136646884 304443818 304443817 52907514 34077075#1 1255326319 34077077#1 304439899 304439901 304439900 1282201319 304439898 1282200037 304437963 304437983 304437974 304437951#0 304437951#0-AddedOffRampEdge 304437951#1 304437960 304437978 137166951 304404987 304404987-AddedOffRampEdge 298292686#0 298292686#1 1184058091 258918300 298293210 291765005 304405012 304405009 -304405005 -28830924 137166963#1 137166963#2 4275898 982048017 982048015 40453606#0 1268628417 4316551 43197358 171962377#0 1177966477 982048012 -4316554 axenstrasse_exit,26.771169489322208
182,184,180374196#1 1290745222 372395819#0 105723923#3 1241895949 26825654#0 26825654#1 1241895950 231634585#0 wassen_entry -33521940#6 -477570853#1 477570856#1 477570856#2 1184531523 1184531524#1 -477571859 477571862#0 1239461753 477571875 1239461754 304451624 33527190#0 52907513#0 40653036#1 136646884 304443818 304443817 52907514 34077075#1 1255326319 34077077#1 304439899 304439901 304439900 1282201319 304439898 1282200037 304437963 304437983 304437974 304437951#0 304437951#0-AddedOffRampEdge 304437951#1 304437960 304437978 137166951 304404987 304404987-AddedOffRampEdge 298292686#0 298292686#1 1184058091 258918300 298293210 291765005 304405012 304405009 -304405005 -28830924 137166963#1 137166963#2 4275898 982048017 982048015 40453606#0 1268628417 4316551 43197358 171962377#0 1177966477 982048012 -4316554 axenstrasse_exit,26.771169489322208
182,184,180374196#1 1290745222 372395819#0 105723923#3 1241895949 26825654#0 26825654#1 1241895950 231634585#0 wassen_entry -33521940#6 -477570853#1 477570856#1 477570856#2 1184531523 1184531524#1 -477571859 477571862#0 1239461753 477571875 1239461754 304451624 33527190#0 52907513#0 40653036#1 136646884 304443818 304443817 52907514 34077075#1 1255326319 34077077#1 304439899 304439901 304439900 1282201319 304439898 1282200037 304437963 304437983 304437974 304437951#0 304437951#0-AddedOffRampEdge 304437951#1 304437960 304437978 137166951 304404987 304404987-AddedOffRampEdge 298292686#0 298292686#1 1184058091 258918300 298293210 291765005 304405012 304405009 -304405005 -28830924 137166963#1 137166963#2 4275898 982048017 982048015 40453606#0 1268628417 4316551 43197358 171962377#0 1177966477 982048012 -4316554 axenstrasse_exit,26.771169489322208
182,187,180374196#1 1290745222 372395819#0 105723923#3 1241895949 26825654#0 26825654#1 1241895950 231634585#0 wassen_entry 109543871 1194954728 1194474097#1 1158670165#0 883000239#1 1194954738 34077046#0 34077044 268051640#0 4212603#1 4212603#2 4212603#3 4212603#4 1194954747#0 1194954753 26825652#0 1194954756 1194954759 35192917 1194954761 -711517860 24765230#1 -335329133 1243611183 93293343#2 93293343#3 93293343#4 39492748 -51862993 -302189132#1 -302189132#0 -26824393 -1125292400 -22720752#3 -1125292399 -22724226#1 70573579 1195038724 1022910646 1125292398 47999383 1125292387 356366086 1243611190#1 30657188#3 1243611191 1125292389#0 1125292390#0 1125292390#1 184913667,19.4545707115505
182,187,180374196#1 1290745222 372395819#0 105723923#3 1241895949 26825654#0 26825654#1 1241895950 231634585#0 wassen_entry 109543871 1194954728 1194474097#1 1158670165#0 883000239#1 1194954738 34077046#0 34077044 268051640#0 4212603#1 4212603#2 4212603#3 4212603#4 1194954747#0 1194954753 26825652#0 1194954756 1194954759 35192917 1194954761 -711517860 24765230#1 -335329133 1243611183 93293343#2 93293343#3 93293343#4 39492748 -51862993 -302189132#1 -302189132#0 -26824393 -1125292400 -22720752#3 -1125292399 -22724226#1 70573579 1195038724 1022910646 1125292398 47999383 1125292387 356366086 1243611190#1 30657188#3 1243611191 1125292389#0 1125292390#0 1125292390#1 184913667,19.4545707115505
182,188,180374196#1 1290745222 372395819#0 105723923#3 1241895949 26825654#0 26825654#1 1241895950 231634585#0 wassen_entry 109543871 1194954728 1194474097#1 1158670165#0 883000239#1 1194954738 34077046#0 34077044 268051640#0 4212603#1 4212603#2 4212603#3 4212603#4 1194954747#0 1194954753 26825652#0 1194954756 1194954759 35192917 1194954761 -711517860 24765230#1 -335329133 1243611183 93293343#2 93293343#3 93293343#4 39492748 -51862993 -302189132#1 -302189132#0 -26824393 -1125292400 -22720752#3 -1125292399 -22724226#1 70573579 1195038724 1022910646 1125292398 47999383 1125292387 356366086 1243611190#1 30657188#3 30657188#4 1243611192 22722567#0 184913169#2,17.84075100884589
182,188,180374196#1 1290745222 372395819#0 105723923#3 1241895949 26825654#0 26825654#1 1241895950 231634585#0 wassen_entry 109543871 1194954728 1194474097#1 1158670165#0 883000239#1 1194954738 34077046#0 34077044 268051640#0 4212603#1 4212603#2 4212603#3 4212603#4 1194954747#0 1194954753 26825652#0 1194954756 1194954759 35192917 1194954761 -711517860 24765230#1 -335329133 1243611183 93293343#2 93293343#3 93293343#4 39492748 -51862993 -302189132#1 -302189132#0 -26824393 -1125292400 -22720752#3 -1125292399 -22724226#1 70573579 1195038724 1022910646 1125292398 47999383 1125292387 356366086 1243611190#1 30657188#3 30657188#4 1243611192 22722567#0 184913169#2,17.84075100884589
182,191,180374196#1 1290745222 372395819#0 105723923#3 1241895949 26825654#0 26825654#1 1241895950 231634585#0 wassen_entry -33521940#6 -477570853#1 477570856#1 477570856#2 1184531523 1184531524#1 -477571859 477571862#0 1239461753 477571875 1239461754 304451624 33527190#0 52907513#0 40653036#1 136646884 304443818 304443817 52907514 34077075#1 1255326319 34077077#1 304439899 304439901 304439900 1282201319 304439898 1282200037 304437963 40533577 378596812 -43199799 -500049929#1 -1249503597 988527784 500049928#1 500049926#5 500049926#6 500049926#0 537680526 -645643600 -537680528 -1227355864 -382397062 -382397061 1227355866 175771446#3 1227355875 -495509369#1 -139960776#0 -495509368#0 -1179840015 -1023263162#1 -110493360#8 -110493360#6 -110493360#4 schattdorf_exit 27744610#7 27744610#8 27744610#9 27744610#10 27744610#12 27744610#13 27665800#0 32860709#1 1361705097#0 32911345#0 32881545 32881546#0 33446623#0 33446623#4 1206557145#0 33446633#0 burglen_exit 686911533#10 686911533#11 686911533#12 686911533#13 686911533#14 686911533#16 39189078#0 975786587#0 1225169384#0 184919234 1221064457#0 975786591#0 975786592 1228711737,33.06293866979387
182,191,180374196#1 1290745222 372395819#0 105723923#3 1241895949 26825654#0 26825654#1 1241895950 231634585#0 wassen_entry -33521940#6 -477570853#1 477570856#1 477570856#2 1184531523 1184531524#1 -477571859 477571862#0 1239461753 477571875 1239461754 304451624 33527190#0 52907513#0 40653036#1 136646884 304443818 304443817 52907514 34077075#1 1255326319 34077077#1 304439899 304439901 304439900 1282201319 304439898 1282200037 304437963 40533577 378596812 -43199799 -500049929#1 -1249503597 988527784 500049928#1 500049926#5 500049926#6 500049926#0 537680526 -645643600 -537680528 -1227355864 -382397062 -382397061 1227355866 175771446#3 1227355875 -495509369#1 -139960776#0 -495509368#0 -1179840015 -1023263162#1 -110493360#8 -110493360#6 -110493360#4 schattdorf_exit 27744610#7 27744610#8 27744610#9 27744610#10 27744610#12 27744610#13 27665800#0 32860709#1 1361705097#0 32911345#0 32881545 32881546#0 33446623#0 33446623#4 1206557145#0 33446633#0 burglen_exit 686911533#10 686911533#11 686911533#12 686911533#13 686911533#14 686911533#16 39189078#0 975786587#0 1225169384#0 184919234 1221064457#0 975786591#0 975786592 1228711737,33.06293866979387
182,191,180374196#1 1290745222 372395819#0 105723923#3 1241895949 26825654#0 26825654#1 1241895950 231634585#0 wassen_entry -33521940#6 -477570853#1 477570856#1 477570856#2 1184531523 1184531524#1 -477571859 477571862#0 1239461753 477571875 1239461754 304451624 33527190#0 52907513#0 40653036#1 136646884 304443818 304443817 52907514 34077075#1 1255326319 34077077#1 304439899 304439901 304439900 1282201319 304439898 1282200037 304437963 40533577 378596812 -43199799 -500049929#1 -1249503597 988527784 500049928#1 500049926#5 500049926#6 500049926#0 537680526 -645643600 -537680528 -1227355864 -382397062 -382397061 1227355866 175771446#3 1227355875 -495509369#1 -139960776#0 -495509368#0 -1179840015 -975788276#1 -27743086#3 1246000045 1246004176#0 schattdorf_exit 27744610#7 27744610#8 27744610#9 27744610#10 27744610#12 27744610#13 27665800#0 32860709#1 1361705097#0 32911345#0 32881545 32881546#0 33446623#0 33446623#4 1206557145#0 33446633#0 burglen_exit 686911533#10 686911533#11 686911533#12 686911533#13 686911533#14 686911533#16 39189078#0 975786587#0 1225169384#0 184919234 1221064457#0 975786591#0 975786592 1228711737,34.01681158131668
182,194,180374196#1 1290745222 372395819#0 105723923#3 1241895949 26825654#0 26825654#1 1241895950 231634585#0 wassen_entry -33521940#6 -477570853#1 477570856#1 477570856#2 1184531523 1184531524#1 -477571859 477571862#0 1239461753 477571875 1239461754 304451624 33527190#0 52907513#0 40653036#1 136646884 304443818 304443817 52907514 34077075#1 1255326319 34077077#1 304439899 304439901 304439900 1282201319 304439898 1282200037 304437963 304437983 304437974 304437951#0 304437951#0-AddedOffRampEdge 304437951#1 304437960 304437978 137166951 304404987 304404987-AddedOffRampEdge 304404963 1204885514 304404968 304404976#0 581552358 1209506568#3 319335922 309763747 4271843 319335924 1204643379 99630367 39339832 1204643383 903892978 1204643387 luzern_exit,32.43906922009697
182,194,180374196#1 1290745222 372395819#0 105723923#3 1241895949 26825654#0 26825654#1 1241895950 231634585#0 wassen_entry -33521940#6 -477570853#1 477570856#1 477570856#2 1184531523 1184531524#1 -477571859 477571862#0 1239461753 477571875 1239461754 304451624 33527190#0 52907513#0 40653036#1 136646884 304443818 304443817 52907514 34077075#1 1255326319 34077077#1 304439899 304439901 304439900 1282201319 304439898 1282200037 304437963 304437983 304437974 304437951#0 304437951#0-AddedOffRampEdge 304437951#1 304437960 304437978 137166951 304404987 304404987-AddedOffRampEdge 304404963 1204885514 304404968 304404976#0 581552358 1209506568#3 319335922 309763747 4271843 319335924 1204643379 99630367 39339832 1204643383 903892978 1204643387 luzern_exit,32.43906922009697
182,194,180374196#1 1290745222 372395819#0 105723923#3 1241895949 26825654#0 26825654#1 1241895950 231634585#0 wassen_entry -33521940#6 -477570853#1 477570856#1 477570856#2 1184531523 1184531524#1 -477571859 477571862#0 1239461753 477571875 1239461754 304451624 33527190#0 52907513#0 40653036#1 136646884 304443818 304443817 52907514 34077075#1 1255326319 34077077#1 304439899 304439901 304439900 1282201319 304439898 1282200037 304437963 304437983 304437974 304437951#0 304437951#0-AddedOffRampEdge 304437951#1 304437960 304437978 137166951 304404987 304404987-AddedOffRampEdge 304404963 1204885514 304404968 304404976#0 581552358 1209506568#3 319335922 309763747 4271843 319335924 1204643379 99630367 39339832 1204643383 903892978 1204643387 luzern_exit,32.43906922009697
182,195,180374196#1 1290745222 372395819#0 105723923#3 1241895949 26825654#0 26825654#1 1241895950 231634585#0 wassen_entry 109543871 1194954728 1194474097#1 1158670165#0 883000239#1 1194954738 34077046#0 34077044 268051640#0 4212603#1 4212603#2 4212603#3 4212603#4 1194954747#0 1194954753 26825652#0 1194954756 1194954759 35192917 1194954761 -711517860 24765230#1 -335329133 1243611183 93293343#2 93293343#3 93293343#4 93293343#5 93293343#6 1282534770 35192918 1280026025 70573572 1355624955#2 35164919#0 184904894#0 E6 E5 128803936 554703504#0 48038772 39574492 39574493#0 136646982 184915794#1 184915794#3 136646983#1 136646985 136646987#0 136646987#2 316146376 233740631#0 136646894 268749757,27.877536311016826
182,195,180374196#1 1290745222 372395819#0 105723923#3 1241895949 26825654#0 26825654#1 1241895950 231634585#0 wassen_entry 109543871 1194954728 1194474097#1 1158670165#0 883000239#1 1194954738 34077046#0 34077044 268051640#0 4212603#1 4212603#2 4212603#3 4212603#4 1194954747#0 1194954753 26825652#0 1194954756 1194954759 35192917 1194954761 -711517860 24765230#1 -335329133 1243611183 93293343#2 93293343#3 93293343#4 93293343#5 93293343#6 1282534770 35192918 1280026025 70573572 1355624955#2 35164919#0 184904894#0 E6 E5 128803936 554703504#0 48038772 39574492 39574493#0 136646982 184915794#1 184915794#3 136646983#1 136646985 136646987#0 136646987#2 316146376 233740631#0 136646894 268749757,27.877536311016826
197,184,-49124512 27772290 1246133439 1346966489 304476603 1246133442 372097229 304451629 304451625 1239461754 304451624 33527190#0 52907513#0 40653036#1 136646884 304443818 304443817 52907514 34077075#1 1255326319 34077077#1 304439899 304439901 304439900 1282201319 304439898 1282200037 304437963 304437983 304437974 304437951#0 304437951#0-AddedOffRampEdge 304437951#1 304437960 304437978 137166951 304404987 304404987-AddedOffRampEdge 298292686#0 298292686#1 1184058091 258918300 298293210 291765005 304405012 304405009 -304405005 -28830924 137166963#1 137166963#2 4275898 982048017 982048015 40453606#0 1268628417 4316551 43197358 171962377#0 1177966477 982048012 -4316554 axenstrasse_exit,28.769299896315385
197,184,-49124512 27772290 1246133439 1346966489 304476603 1246133442 372097229 304451629 304451625 1239461754 304451624 33527190#0 52907513#0 40653036#1 136646884 304443818 304443817 52907514 34077075#1 1255326319 34077077#1 304439899 304439901 304439900 1282201319 304439898 1282200037 304437963 304437983 304437974 304437951#0 304437951#0-AddedOffRampEdge 304437951#1 304437960 304437978 137166951 304404987 304404987-AddedOffRampEdge 298292686#0 298292686#1 1184058091 258918300 298293210 291765005 304405012 304405009 -304405005 -28830924 137166963#1 137166963#2 4275898 982048017 982048015 40453606#0 1268628417 4316551 43197358 171962377#0 1177966477 982048012 -4316554 axenstrasse_exit,28.769299896315385
197,185,-49124512 27772290 1246133439 1346966489 304476603 1246133442 372097229 304451629 304451625 1239461754 304451624 33527190#0 52907513#0 40653036#1 136646884 304443818 304443817 52907514 34077075#1 1255326319 34077077#1 304439899 304439901 304439900 1282201319 304439898 1282200037 304437963 304437983 304437974 304437951#0 304437951#0-AddedOffRampEdge 304437951#1 304437960 304437978 137166951 304404987 304404987-AddedOffRampEdge 298292686#0 298292686#1 1184058091 258918300 298293210 25690551 987192104 -346180017 E0 309763748 346182028#0 346182028#1 1317042217 304428914#0 304428914#2 24356945#0 981333088#0 981333088#3 26195249#0 27665201#0 28830807#0 496298784#0 27120166#0 27120166#8 647491744#0 4306197#1 184901480#1 -258918251#1 -258918254#5 -258918254#2 -258918252,28.11760888395514
197,186,-49124512 27772290 1246133439 1346966489 304476603 1246133442 372097229 304451629 304451625 1239461754 304451624 33527190#0 52907513#0 40653036#1 136646884 304443818 304443817 52907514 34077075#1 1255326319 34077077#1 304439899 304439901 304439900 1282201319 304439898 1282200037 304437963 304437983 304437974 304437951#0 304437951#0-AddedOffRampEdge 304437951#1 304437960 304437978 137166951 304404987 304404987-AddedOffRampEdge 304404963 1204885514 304404968 304404976#0 581552358 1209506568#3 319335922 39472090 39472250#0 39472250#1,32.8595695382311
197,187,-49124512 27772290 1246133439 1346966489 304476603 1246133442 372097229 304451629 304451625 1239461754 304451624 33527190#0 52907513#0 40653036#1 136646884 304443818 304443817 52907514 34077075#1 1255326319 34077077#1 304439899 304439901 304439900 1282201319 304439898 1282200037 304437963 40533577 378596812 -304437986 -304437988 1209159864 304437957 304437980 371954044 371643232 304443811 304443816 304443813 304443810 1081642035 1194467327 304443809 304443808 304443814 304443815#0 304443815#1 371643240#0 184912169 304449280 304449282 1194474086 1194474088 683885955 34077048 34077049 371954051 304451627 33521942 304451621 371954052 1189211360 371956321 31269881#0 43346331#0 1316288013 304476606 4212603#3 4212603#4 1194954747#0 1194954753 26825652#0 1194954756 1194954759 35192917 1194954761 -711517860 24765230#1 -335329133 1243611183 93293343#2 93293343#3 93293343#4 39492748 -51862993 -302189132#1 -302189132#0 -26824393 -1125292400 -22720752#3 -1125292399 -22724226#1 70573579 1195038724 1022910646 1125292398 47999383 1125292387 356366086 1243611190#1 30657188#3 1243611191 1125292389#0 1125292390#0 1125292390#1 184913667,42.660805496916964
197,188,-49124512 27772290 1246133439 1346966489 304476603 1246133442 372097229 304451629 304451625 1239461754 304451624 33527190#0 52907513#0 40653036#1 136646884 304443818 304443817 52907514 34077075#1 1255326319 34077077#1 304439899 304439901 304439900 1282201319 304439898 1282200037 304437963 40533577 378596812 -304437986 -304437988 1209159864 304437957 304437980 371954044 371643232 304443811 304443816 304443813 304443810 1081642035 1194467327 304443809 304443808 304443814 304443815#0 304443815#1 371643240#0 184912169 304449280 304449282 1194474086 1194474088 683885955 34077048 34077049 371954051 304451627 33521942 304451621 371954052 1189211360 371956321 31269881#0 43346331#0 1316288013 304476606 4212603#3 4212603#4 1194954747#0 1194954753 26825652#0 1194954756 1194954759 35192917 1194954761 -711517860 24765230#1 -335329133 1243611183 93293343#2 93293343#3 93293343#4 39492748 -51862993 -302189132#1 -302189132#0 -26824393 -1125292400 -22720752#3 -1125292399 -22724226#1 70573579 1195038724 1022910646 1125292398 47999383 1125292387 356366086 1243611190#1 30657188#3 30657188#4 1243611192 22722567#0 184913169#2,41.046985794212354
197,191,-49124512 27772290 1246133439 1346966489 304476603 1246133442 372097229 304451629 304451625 1239461754 304451624 33527190#0 52907513#0 40653036#1 136646884 304443818 304443817 52907514 34077075#1 1255326319 34077077#1 304439899 304439901 304439900 1282201319 304439898 1282200037 304437963 40533577 378596812 -43199799 -500049929#1 -1249503597 988527784 500049928#1 500049926#5 500049926#6 500049926#0 537680526 -645643600 -537680528 -1227355864 -382397062 -382397061 1227355866 175771446#3 1227355875 -495509369#1 -139960776#0 -495509368#0 -1179840015 -1023263162#1 -110493360#8 -110493360#6 -110493360#4 schattdorf_exit 27744610#7 27744610#8 27744610#9 27744610#10 27744610#12 27744610#13 27665800#0 32860709#1 1361705097#0 32911345#0 32881545 32881546#0 33446623#0 33446623#4 1206557145#0 33446633#0 burglen_exit 686911533#10 686911533#11 686911533#12 686911533#13 686911533#14 686911533#16 39189078#0 975786587#0 1225169384#0 184919234 1221064457#0 975786591#0 975786592 1228711737,35.06106907678705
197,191,-49124512 27772290 1246133439 1346966489 304476603 1246133442 372097229 304451629 304451625 1239461754 304451624 33527190#0 52907513#0 40653036#1 136646884 304443818 304443817 52907514 34077075#1 1255326319 34077077#1 304439899 304439901 304439900 1282201319 304439898 1282200037 304437963 40533577 378596812 -43199799 -500049929#1 -1249503597 988527784 500049928#1 500049926#5 500049926#6 500049926#0 537680526 -645643600 -537680528 -1227355864 -382397062 -382397061 1227355866 175771446#3 1227355875 -495509369#1 -139960776#0 -495509368#0 -1179840015 -1023263162#1 -110493360#8 -110493360#6 -110493360#4 schattdorf_exit 27744610#7 27744610#8 27744610#9 27744610#10 27744610#12 27744610#13 27665800#0 32860709#1 1361705097#0 32911345#0 32881545 32881546#0 33446623#0 33446623#4 1206557145#0 33446633#0 burglen_exit 686911533#10 686911533#11 686911533#12 686911533#13 686911533#14 686911533#16 39189078#0 975786587#0 1225169384#0 184919234 1221064457#0 975786591#0 975786592 1228711737,35.06106907678705
197,191,-49124512 27772290 1246133439 1346966489 304476603 1246133442 372097229 304451629 304451625 1239461754 304451624 33527190#0 52907513#0 40653036#1 136646884 304443818 304443817 52907514 34077075#1 1255326319 34077077#1 304439899 304439901 304439900 1282201319 304439898 1282200037 304437963 40533577 378596812 -43199799 -500049929#1 -1249503597 988527784 500049928#1 500049926#5 500049926#6 500049926#0 537680526 -645643600 -537680528 -1227355864 -382397062 -382397061 1227355866 175771446#3 1227355875 -495509369#1 -139960776#0 -495509368#0 -1179840015 -975788276#1 -27743086#3 1246000045 1246004176#0 schattdorf_exit 27744610#7 27744610#8 27744610#9 27744610#10 27744610#12 27744610#13 27665800#0 32860709#1 1361705097#0 32911345#0 32881545 32881546#0 33446623#0 33446623#4 1206557145#0 33446633#0 burglen_exit 686911533#10 686911533#11 686911533#12 686911533#13 686911533#14 686911533#16 39189078#0 975786587#0 1225169384#0 184919234 1221064457#0 975786591#0 975786592 1228711737,36.01494198830986
197,194,-49124512 27772290 1246133439 1346966489 304476603 1246133442 372097229 304451629 304451625 1239461754 304451624 33527190#0 52907513#0 40653036#1 136646884 304443818 304443817 52907514 34077075#1 1255326319 34077077#1 304439899 304439901 304439900 1282201319 304439898 1282200037 304437963 304437983 304437974 304437951#0 304437951#0-AddedOffRampEdge 304437951#1 304437960 304437978 137166951 304404987 304404987-AddedOffRampEdge 304404963 1204885514 304404968 304404976#0 581552358 1209506568#3 319335922 309763747 4271843 319335924 1204643379 99630367 39339832 1204643383 903892978 1204643387 luzern_exit,34.43719962709014
197,194,-49124512 27772290 1246133439 1346966489 304476603 1246133442 372097229 304451629 304451625 1239461754 304451624 33527190#0 52907513#0 40653036#1 136646884 304443818 304443817 52907514 34077075#1 1255326319 34077077#1 304439899 304439901 304439900 1282201319 304439898 1282200037 304437963 304437983 304437974 304437951#0 304437951#0-AddedOffRampEdge 304437951#1 304437960 304437978 137166951 304404987 304404987-AddedOffRampEdge 304404963 1204885514 304404968 304404976#0 581552358 1209506568#3 319335922 309763747 4271843 319335924 1204643379 99630367 39339832 1204643383 903892978 1204643387 luzern_exit,34.43719962709014
197,194,-49124512 27772290 1246133439 1346966489 304476603 1246133442 372097229 304451629 304451625 1239461754 304451624 33527190#0 52907513#0 40653036#1 136646884 304443818 304443817 52907514 34077075#1 1255326319 34077077#1 304439899 304439901 304439900 1282201319 304439898 1282200037 304437963 304437983 304437974 304437951#0 304437951#0-AddedOffRampEdge 304437951#1 304437960 304437978 137166951 304404987 304404987-AddedOffRampEdge 304404963 1204885514 304404968 304404976#0 581552358 1209506568#3 319335922 309763747 4271843 319335924 1204643379 99630367 39339832 1204643383 903892978 1204643387 luzern_exit,34.43719962709014
197,195,-49124512 27772290 1246133439 1346966489 304476603 1246133442 372097229 304451629 304451625 1239461754 304451624 33527190#0 52907513#0 40653036#1 136646884 304443818 304443817 52907514 34077075#1 1255326319 34077077#1 304439899 304439901 304439900 1282201319 304439898 1282200037 304437963 40533577 378596812 -304437986 -304437988 1209159864 304437957 304437980 371954044 371643232 304443811 304443816 304443813 304443810 1081642035 1194467327 304443809 304443808 304443814 304443815#0 304443815#1 371643240#0 184912169 304449280 304449282 1194474086 1194474088 683885955 34077048 34077049 371954051 304451627 33521942 304451621 371954052 1189211360 371956321 31269881#0 43346331#0 1316288013 304476606 4212603#3 4212603#4 1194954747#0 1194954753 26825652#0 1194954756 1194954759 35192917 1194954761 -711517860 24765230#1 -335329133 1243611183 93293343#2 93293343#3 93293343#4 93293343#5 93293343#6 1282534770 35192918 1280026025 70573572 1355624955#2 35164919#0 184904894#0 E6 E5 128803936 554703504#0 48038772 39574492 39574493#0 136646982 184915794#1 184915794#3 136646983#1 136646985 136646987#0 136646987#2 316146376 233740631#0 136646894 268749757,51.083771096383266
197,197,-49124512 27772290 1246133439 1346966489 304476603 1246133442 372097229 304451629 304451625 1239461754 304451624 33527190#0 52907513#0 40653036#1 136646884 304443818 304443817 52907514 34077075#1 1255326319 34077077#1 304439899 304439901 304439900 1282201319 304439898 1282200037 304437963 40533577 378596812 -304437986 -304437988 1209159864 304437957 304437980 371954044 371643232 304443811 304443816 304443813 304443810 1081642035 1194467327 304443809 304443808 304443814 304443815#0 304443815#1 371643240#0 184912169 304449280 304449282 1194474086 1194474088 683885955 34077048 34077049 371954051 1267880145 26245624 1239461761 477570852 1239461755#1 477570859#1 477570853#0 1194474094#0 wassen_exit -231634585#3 -1267880154#0 -74761697 -26825654#0 -1241895949 -26825653#1 -105723923#2 -372395820#4 -231634584#1,36.08779538749578
197,197,-49124512 27772290 1246133439 1346966489 304476603 1246133442 372097229 304451629 304451625 1239461754 304451624 33527190#0 52907513#0 40653036#1 136646884 304443818 304443817 52907514 34077075#1 1255326319 34077077#1 304439899 304439901 304439900 1282201319 304439898 1282200037 304437963 40533577 378596812 -304437986 -304437988 1209159864 304437957 304437980 371954044 371643232 304443811 304443816 304443813 304443810 1081642035 1194467327 304443809 304443808 304443814 304443815#0 304443815#1 371643240#0 184912169 304449280 304449282 1194474086 1194474088 683885955 34077048 34077049 371954051 1267880145 26245624 1239461761 477570852 1239461755#1 477570859#1 477570853#0 1194474094#0 wassen_exit -231634585#3 -1267880154#0 -74761697 -26825654#0 -1241895949 -26825653#1 -105723923#2 -372395820#4 -231634584#1,36.08779538749578
198,198,-33521940#6 -477570853#1 477570856#1 477570856#2 1184531523 1184531524#1 -477571859 477571862#0 477571882 -1239461751#2 -1239461745 -440087233#1 -33523591#2 -33523591#0 -33523609 -1235288634 -1235288620 -846325020#2 -846325020#1 -846325019#3 -1235288594 -100067666#3 -100067666#2 -1234240348#1 -1234022758#1 -43202894#1 -1234022749 -1234022742#1 -33527204 -33527203 -43202844 amsteg_entry -1155226217 -48875753 -184904443#2 -1233796574#1 -1155226185 -738718554#0 -8135465#4 -8135465#1 -1029849448,11.52727259040736
199,199,1194474094#0 109543871 1194954728 1194474097#1 1158670165#0 883000239#1 1194954738 34077046#0 34077044 268051640#0 4212603#1 4212603#2 4212603#3 10046129#0 10046129#1 1255318895 110355739 230703524 109528130#0 109528130#2 goeschenen_exit,4.24504221021438
