travel_time,id,kind,action,origin,destination,start_time,income,reward,cost_table
130.96666666666667,1585,AV,0,0,0,70,1113.8066322235816,-10.194952284744625,0
153.46666666666667,1444,AV,0,0,0,87,4221.477342262514,-62.48500584644658,0
69.98333333333333,815,AV,0,0,0,44,2657.5788670633897,-14.37356538680412,0
61.88333333333333,1508,AV,0,0,0,41,2984.4646162263316,-14.238397777861753,0
14.716666666666667,282,AV,0,0,0,13,2141.0019472236136,1.717873751044356,0
21.516666666666666,1756,AV,0,0,0,20,5152.699115083144,-6.548844718007533,0
128.76666666666668,1775,AV,0,0,0,68,1914.4139885374716,-20.678407075417546,0
98.2,1352,AV,0,0,0,54,2369.90923158044,-19.242196514708255,0
138.83333333333334,243,AV,0,0,0,74,2120.9849912378045,-25.673272529532834,0
9.333333333333334,1537,AV,0,0,0,8,3270.92851150056,1.8199306138189,0
31.483333333333334,472,AV,0,0,0,27,478.5450109442652,3.430604990149797,0
142.5,918,AV,0,0,0,77,3632.6382400101666,-48.92197387515091,0
61.06666666666667,1613,AV,0,0,0,41,1948.754164022235,-7.396241765585884,0
150.16666666666666,1438,AV,0,0,0,85,1440.5324369732448,-17.533328571404404,0
151.18333333333334,1958,AV,0,0,0,85,3092.4431740276414,-43.70061116598044,0
13.5,333,AV,0,0,0,13,997.8944648299866,3.596710908832831,0
67.1,205,AV,0,0,0,43,123.35399502602013,4.137806972266047,0
24.683333333333334,443,AV,0,0,0,22,2122.771730125195,-0.458029396380927,0
33.18333333333333,1049,AV,0,0,0,28,264.2144006445292,4.086717236661011,0
17.883333333333333,827,AV,0,0,0,16,2034.5347031279991,1.2099726797632933,0
72.53333333333333,1626,AV,0,0,0,45,1436.3023183056098,-5.852061960531273,0
9.916666666666666,699,AV,0,0,0,9,2522.3220948584185,2.394476308262571,0
155.16666666666666,1659,AV,0,0,0,90,2400.743814369968,-33.803689082959025,0
46.233333333333334,1138,AV,0,0,0,35,2520.34013622326,-7.13788808660299,0
162.08333333333334,1269,AV,0,0,0,99,1821.49933626474,-25.75361292565034,0
30.883333333333333,1442,AV,0,0,0,27,3236.3379835204205,-5.411344242123851,0
34.75,1415,AV,0,0,0,29,4827.579324779397,-12.474831410008758,0
44.516666666666666,1465,AV,0,0,0,34,522.5204171063863,2.5769929963695177,0
141.53333333333333,106,AV,0,0,0,76,2268.0718260963504,-28.438308936128834,0
69.68333333333334,334,AV,0,0,0,44,503.50005799731525,1.3452539192937927,0
9.033333333333333,805,AV,0,0,0,7,3507.2061342305255,1.699816450081693,0
154.63333333333333,1318,AV,0,0,0,90,778.2537914023508,-7.535831035817726,0
11.716666666666667,10,AV,0,0,0,10,256.73972007009206,4.686652737483898,0
157.66666666666666,1677,AV,0,0,0,93,2241.2108280791585,-31.808775058383404,0
80.25,188,AV,0,0,0,48,2696.562181745269,-17.541574488026857,0
162.23333333333332,1718,AV,0,0,0,99,5734.028729054991,-91.90110355663418,0
140.86666666666667,303,AV,0,0,0,76,3097.2944532127476,-40.448494303045386,0
54.61666666666667,981,AV,0,0,0,39,3667.7374947392937,-15.866624601146984,0
112.23333333333333,1933,AV,0,0,0,59,2967.8318104195705,-29.69683925584269,0
57.78333333333333,1248,AV,0,0,0,40,4655.389714639889,-23.021243299750857,0
160.98333333333332,906,AV,0,0,0,98,3908.69499901815,-60.54528645054914,0
125.2,182,AV,0,0,0,66,4694.787576735075,-56.227854646586614,0
117.16666666666667,133,AV,0,0,0,61,1999.321999539884,-19.40144732077324,0
153.1,551,AV,0,0,0,87,4115.405529835274,-60.63214443935213,0
111.73333333333333,466,AV,0,0,0,59,1797.8148334962075,-15.924567089858638,0
3.5833333333333335,775,AV,0,0,0,2,1186.1553699681456,4.557251033779251,0
116.18333333333334,166,AV,0,0,0,61,1935.1192975004967,-18.419646914715212,0
11.266666666666667,1275,AV,0,0,0,10,930.5149511300197,3.9079373142987963,0
61.8,78,AV,0,0,0,41,2077.5990504350802,-8.374543887175829,0
116.43333333333334,1521,AV,0,0,0,61,4802.027051378598,-53.24125170300501,0
2.1666666666666665,807,AV,0,0,0,1,4703.964809066105,3.9383412757316085,0
13.433333333333334,1956,AV,0,0,0,12,3117.2504304620497,0.6380141545965072,0
26.866666666666667,843,AV,0,0,0,24,5178.6371040771355,-9.49299133988254,0
4.766666666666667,1289,AV,0,0,0,3,756.9691494530771,4.624143790375729,0
152.06666666666666,1378,AV,0,0,0,86,2080.4577934136214,-27.955029352614375,0
138.26666666666668,1095,AV,0,0,0,74,1320.7352585051717,-14.022256431525875,0
2.3333333333333335,603,AV,0,0,0,1,826.2991857086195,4.799163392362488,0
150.96666666666667,1500,AV,0,0,0,85,2658.456330500754,-36.80607194735387,0
6.916666666666667,1255,AV,0,0,0,6,2340.0191449922277,3.3140487062990025,0
6.1,120,AV,0,0,0,5,3853.96651502194,2.551125443579809,0
89.53333333333333,1996,AV,0,0,0,51,5103.490147316012,-42.59713380448197,0
152.36666666666667,1636,AV,0,0,0,87,2227.8847503138873,-30.359934700294367,0
80.91666666666667,1735,AV,0,0,0,48,4356.041379866793,-31.716286283425838,0
148.81666666666666,372,AV,0,0,0,83,864.068554991853,-8.394562721392804,0
19.066666666666666,1350,AV,0,0,0,17,4213.816661411113,-3.3691080914137395,0
38.766666666666666,1042,AV,0,0,0,31,1927.3190135337886,-2.7828889331242923,0
34.1,928,AV,0,0,0,29,3082.009898050406,-5.947555992033212,0
148.06666666666666,22,AV,0,0,0,82,1823.4106336684363,-23.123576509566643,0
50.75,429,AV,0,0,0,37,1003.7608698398822,-0.3063400150389599,0
95.13333333333334,1806,AV,0,0,0,53,3191.3040260407442,-26.624936424723213,0
122.45,1391,AV,0,0,0,64,720.7228028381605,-4.192969500784663,0
154.56666666666666,1976,AV,0,0,0,90,1690.4206747533972,-22.216946766776047,0
30.166666666666668,1708,AV,0,0,0,26,3028.7485587588035,-4.5174216863774905,0
46.46666666666667,1097,AV,0,0,0,35,1368.4706072135084,-1.6237778696376068,0
9.716666666666667,607,AV,0,0,0,8,2099.1767773101164,2.875312393798962,0
86.05,414,AV,0,0,0,50,3075.6805143358342,-22.568990443604015,0
33.65,70,AV,0,0,0,28,3674.2079468799707,-7.878864313803229,0
58.65,1670,AV,0,0,0,40,2159.5449594772094,-8.193469986806075,0
36.016666666666666,1271,AV,0,0,0,30,4167.136978852042,-10.633998283505665,0
5.65,1083,AV,0,0,0,5,4299.729333621759,2.4694301317746934,0
143.13333333333333,1096,AV,0,0,0,77,1524.5045651069383,-17.729939592254144,0
89.21666666666667,1489,AV,0,0,0,51,2406.093346533633,-17.360794590268295,0
157.41666666666666,496,AV,0,0,0,94,2893.832994370567,-42.45182748581598,0
107.43333333333334,1309,AV,0,0,0,57,3894.190345361643,-38.57977598298811,0
26.333333333333332,363,AV,0,0,0,24,2754.3781979940654,-2.5554124181087214,0
8.183333333333334,1439,AV,0,0,0,6,3239.6932153032,2.2383865126495293,0
160.23333333333332,76,AV,0,0,0,97,3669.474367150144,-56.24709473225951,0
142.13333333333333,765,AV,0,0,0,77,2843.034004970909,-37.0926979069304,0
104.53333333333333,514,AV,0,0,0,56,496.6732124105188,-0.40821942402564915,0
29.783333333333335,1401,AV,0,0,0,26,1276.7809599572217,1.0388757370771606,0
157.58333333333334,0,AV,0,0,0,93,2137.15867942177,-30.081311308911175,0
132.5,340,AV,0,0,0,71,2559.8430652365564,-30.331167306650393,0
58.35,189,AV,0,0,0,40,1617.18772113931,-4.82946911754987,0
4.7,595,AV,0,0,0,3,2496.620556328095,3.77769618596437,0
12.916666666666666,1679,AV,0,0,0,12,3328.0160281611766,0.5222006565539727,0
142.95,859,AV,0,0,0,77,663.0663253449793,-4.873472000840083,0
89.46666666666667,757,AV,0,0,0,51,2710.3308956950573,-20.258778208491435,0
137.05,1441,AV,0,0,0,73,860.5452314305571,-7.285179579953944,0
9.416666666666666,851,AV,0,0,0,8,3568.6896795616476,1.4994623802910927,0
153.9,874,AV,0,0,0,88,308.01631639267316,0.06211342782995821,0
145.5,1258,AV,0,0,0,80,651.6480249005281,-4.876540377398628,0
51.45,434,AV,0,0,0,37,795.2785575528987,0.7378039806149328,0
141.75,1116,AV,0,0,0,76,844.7496938450554,-7.473257198180896,0
28.666666666666668,34,AV,0,0,0,25,5263.247489391872,-10.71664180860073,0
151.7,1595,AV,0,0,0,86,2874.3391171933877,-40.42054625814968,0
150.68333333333334,1525,AV,0,0,0,85,1679.963317363902,-21.369007556053887,0
36.45,150,AV,0,0,0,30,4535.882422231574,-12.222178571910508,0
100.31666666666666,1988,AV,0,0,0,55,2363.5661110953943,-19.698445178269406,0
92.11666666666666,199,AV,0,0,0,52,3711.6907963917347,-30.615477485515825,0
4.933333333333334,1186,AV,0,0,0,4,3298.7137986442067,3.304827631252283,0
34.05,619,AV,0,0,0,28,3560.855755322159,-7.629910257158283,0
154.43333333333334,1577,AV,0,0,0,89,3114.9377659557995,-45.10939815858757,0
124.2,1804,AV,0,0,0,65,2044.8551909224025,-21.45531403255858,0
4.416666666666667,1208,AV,0,0,0,2,1749.1595483762708,4.195265138333834,0
15.616666666666667,1985,AV,0,0,0,14,771.1189191123337,3.7455930083189988,0
2.6166666666666667,1260,AV,0,0,0,1,1730.2975946293418,4.528373745908322,0
23.666666666666668,751,AV,0,0,0,22,4866.874287107032,-6.99819702724303,0
48.55,750,AV,0,0,0,36,1002.7655984042399,-0.07127810442977545,0
135.56666666666666,1779,AV,0,0,0,72,4044.88104394035,-52.11990001981044,0
18.166666666666668,601,AV,0,0,0,17,1769.2358095616376,1.651966957600373,0
40.083333333333336,494,AV,0,0,0,32,2459.8707893042524,-5.270814667147096,0
62.18333333333333,1319,AV,0,0,0,41,621.7798029103267,0.972464505801339,0
149.51666666666668,424,AV,0,0,0,84,599.673778411335,-4.339710878694595,0
25.533333333333335,990,AV,0,0,0,23,3811.3360218911666,-5.13709511377998,0
136.03333333333333,882,AV,0,0,0,73,247.1203612226882,1.4982701592021161,0
134.66666666666666,1249,AV,0,0,0,72,3017.571495950896,-37.32982237375562,0
57.2,11,AV,0,0,0,39,5351.474284796442,-26.8858676135788,0
1.45,571,AV,0,0,0,0,3730.5282460593407,4.436534796168121,0
47.766666666666666,384,AV,0,0,0,36,3501.055017612227,-12.420180000827504,0
119.96666666666667,892,AV,0,0,0,63,3981.449048607349,-44.75428863172865,0
27.116666666666667,1107,AV,0,0,0,24,3607.2447274290002,-5.189213839456569,0
31.4,236,AV,0,0,0,27,1778.0198406120442,-0.8156065620018946,0
53.3,1221,AV,0,0,0,38,1192.137173406501,-1.6188449315173443,0
125.98333333333333,160,AV,0,0,0,66,2112.1974189976754,-22.71892411493651,0
61.31666666666667,1103,AV,0,0,0,41,4727.238867993561,-25.193596866924157,0
2.533333333333333,648,AV,0,0,0,1,3758.400962201029,4.00819974608584,0
7.65,744,AV,0,0,0,6,1575.8102692260304,3.744276191710507,0
141.15,260,AV,0,0,0,76,3011.3324639851785,-39.275997634532075,0
38.3,1771,AV,0,0,0,31,3737.3756903110816,-9.910571764470252,0
91.73333333333333,1130,AV,0,0,0,52,3449.5219840707746,-27.962098958898515,0
144.05,568,AV,0,0,0,78,4499.544668652524,-62.51660515827042,0
55.55,1928,AV,0,0,0,39,3116.316641993032,-13.032436402365928,0
122.15,1183,AV,0,0,0,64,4774.429372171436,-55.74964039695219,0
83.28333333333333,1798,AV,0,0,0,49,704.410856350966,-1.1110087659475294,0
44.36666666666667,1753,AV,0,0,0,34,1614.4154502482284,-2.4610658481958056,0
78.2,1268,AV,0,0,0,47,2954.817446102621,-19.069450446377605,0
149.66666666666666,553,AV,0,0,0,84,2810.215090663501,-38.812033878746945,0
144.11666666666667,1539,AV,0,0,0,79,2680.3695018831754,-35.23811646316635,0
86.6,976,AV,0,0,0,50,2936.3233262367694,-21.488083338760852,0
46.53333333333333,833,AV,0,0,0,35,1320.0472967998153,-1.3985625914324373,0
13.666666666666666,1242,AV,0,0,0,12,3667.7842293320728,-0.22149838203524208,0
1.15,1066,AV,0,0,0,0,1604.0621428037393,4.8078467224766355,0
158.4,1710,AV,0,0,0,94,1197.192696426616,-14.753679491039165,0
138.88333333333333,538,AV,0,0,0,75,2412.7307492377804,-29.905009259372264,0
126.33333333333333,1685,AV,0,0,0,66,4179.7588311118425,-50.0044651733121,0
103.58333333333333,748,AV,0,0,0,56,4519.866381018241,-43.76904437157702,0
7.516666666666667,1727,AV,0,0,0,6,6598.356439479618,-0.1664214482731028,0
128.61666666666667,1015,AV,0,0,0,68,4700.5965483716955,-57.976568687125656,0
86.75,1517,AV,0,0,0,50,4447.413651930328,-35.18886815676625,0
136.76666666666668,1020,AV,0,0,0,73,3338.3308530342574,-42.55962322916513,0
151.35,1995,AV,0,0,0,85,3173.771235690714,-45.03648713768641,0
150.75,1306,AV,0,0,0,85,3409.037023394327,-48.53253450798904,0
63.65,1918,AV,0,0,0,42,2199.4806353269023,-9.583014837349722,0
88.7,61,AV,0,0,0,51,1739.9023463350313,-11.075972720824716,0
3.3666666666666667,1069,AV,0,0,0,2,1803.9087935050334,4.367379207833304,0
121.75,261,AV,0,0,0,64,6020.01630791334,-71.3476026550468,0
25.8,575,AV,0,0,0,23,4995.838868276694,-8.426316958493613,0
55.016666666666666,151,AV,0,0,0,39,1607.4181381687845,-4.211957073081871,0
5.283333333333333,853,AV,0,0,0,4,4447.611097131524,2.5522695871689356,0
33.333333333333336,1418,AV,0,0,0,28,2418.665053991992,-3.398142548583305,0
159.66666666666666,1769,AV,0,0,0,95,2210.2509535607956,-31.760771067903505,0
51.53333333333333,491,AV,0,0,0,37,3030.8240142226346,-11.269631687459,0
135.71666666666667,1519,AV,0,0,0,73,4719.530363617125,-61.72072178981641,0
160.06666666666666,1574,AV,0,0,0,98,1507.8727107117654,-20.141683183464924,0
81.36666666666666,513,AV,0,0,0,48,4207.1795138217,-30.658768032079067,0
43.43333333333333,1801,AV,0,0,0,33,3511.984472547256,-10.889290860170394,0
33.71666666666667,704,AV,0,0,0,28,645.2518389871013,2.7337769613352325,0
6.833333333333333,924,AV,0,0,0,6,2321.670685086265,3.3474219081851238,0
64.2,789,AV,0,0,0,42,4964.4152388587445,-28.199526909867856,0
137.95,1158,AV,0,0,0,74,4247.33449325881,-56.03331180677633,0
46.38333333333333,1201,AV,0,0,0,35,299.65684815129725,3.5521788048523257,0
11.416666666666666,23,AV,0,0,0,10,2106.933509839659,2.4943585863886,0
91.66666666666667,1582,AV,0,0,0,52,2934.0768735048996,-23.016359035203035,0
127.1,1877,AV,0,0,0,67,2619.9049367874177,-29.686449736008413,0
94.6,591,AV,0,0,0,53,3110.669357682473,-25.653054295496037,0
1.2333333333333334,557,AV,0,0,0,0,342.7934554836088,4.955960563010787,0
12.4,647,AV,0,0,0,11,3262.7050803243424,0.785672604581058,0
89.38333333333334,212,AV,0,0,0,51,3154.051761716315,-24.366631246674654,0
7.883333333333334,901,AV,0,0,0,7,319.8806425968378,4.73732023620086,0
156.7,1527,AV,0,0,0,92,1882.9212559996668,-25.73476675157789,0
127.25,1697,AV,0,0,0,67,1106.8036150975615,-9.670912502204656,0
26.483333333333334,1861,AV,0,0,0,24,3170.630944866446,-3.7467579364458032,0
150.05,770,AV,0,0,0,84,965.3796724104875,-10.089085400541006,0
67.33333333333333,172,AV,0,0,0,43,2633.316006546963,-13.469785879253003,0
157.88333333333333,1253,AV,0,0,0,93,1050.8284091249195,-12.282113749375625,0
37.3,401,AV,0,0,0,30,4485.651918766764,-12.428626726041692,0
84.05,1076,AV,0,0,0,49,2173.1360620158002,-14.026258959627917,0
33.5,708,AV,0,0,0,28,1671.069204814112,-0.8313352459659118,0
2.9,800,AV,0,0,0,2,3379.748141769155,3.9790344155072344,0
98.26666666666667,492,AV,0,0,0,54,1764.3573944671575,-13.060158329476323,0
28.5,1307,AV,0,0,0,25,3823.510297557432,-6.351046195873625,0
18.316666666666666,613,AV,0,0,0,17,779.1463116639582,3.5133996588217187,0
60.46666666666667,411,AV,0,0,0,41,5003.609196574971,-26.515788481204854,0
48.61666666666667,1704,AV,0,0,0,36,2373.129896581109,-7.018090118623428,0
157.5,1561,AV,0,0,0,93,1595.8897754917207,-21.18256662916104,0
48.7,430,AV,0,0,0,36,1149.370117322495,-0.8306588243339066,0
14.85,1137,AV,0,0,0,14,2572.4960363378314,1.0206701937899174,0
132.96666666666667,1687,AV,0,0,0,71,2543.5289852212272,-30.22964278488707,0
151.85,452,AV,0,0,0,86,2318.0951957556226,-31.666953695363674,0
28.816666666666666,533,AV,0,0,0,25,2790.102446880585,-3.3751512685009217,0
26.2,1686,AV,0,0,0,23,4674.76239502135,-7.758205703079101,0
12.983333333333333,550,AV,0,0,0,12,2662.351355736686,1.3993546768769476,0
22.683333333333334,1999,AV,0,0,0,20,1783.7017362665947,0.7853853071895225,0
126.7,610,AV,0,0,0,67,443.8490239778971,-0.8578824310416211,0
134.6,469,AV,0,0,0,72,5217.480708641252,-68.15342743574088,0
5.233333333333333,523,AV,0,0,0,3,4052.490820456422,2.790829656903964,0
73.31666666666666,460,AV,0,0,0,45,1006.4624268813313,-2.686507319185722,0
134.2,1915,AV,0,0,0,72,3443.6273671524114,-43.139040903318076,0
22.983333333333334,576,AV,0,0,0,21,1171.1468362369858,2.1961606125506883,0
67.18333333333334,1921,AV,0,0,0,43,45.06809032922138,4.684601610907827,0
66.41666666666667,1422,AV,0,0,0,43,464.3661520061419,1.7873279240547304,0
6.533333333333333,821,AV,0,0,0,5,64.18419318367751,4.956319090749997,0
88.76666666666667,352,AV,0,0,0,51,3180.663220032631,-24.410090815787832,0
152.51666666666668,1800,AV,0,0,0,87,5101.663947462826,-76.0509145542228,0
109.65,244,AV,0,0,0,58,198.92030915885152,2.7279570938262427,0
119.8,274,AV,0,0,0,63,2630.6180339994166,-27.82792088261772,0
33.25,178,AV,0,0,0,28,4829.063756971879,-11.72566353326198,0
148.86666666666667,1563,AV,0,0,0,84,1753.9417323431062,-22.198277002237194,0
156.4,1534,AV,0,0,0,90,2279.53719593074,-32.137460150371645,0
128.93333333333334,1139,AV,0,0,0,68,2926.3599684914857,-34.302640132378706,0
162.15,1419,AV,0,0,0,99,4795.527580741145,-75.99945804345592,0
155.53333333333333,16,AV,0,0,0,90,1871.0266112110708,-25.31322974969047,0
147.76666666666668,1776,AV,0,0,0,82,3299.741180611765,-45.7908078251804,0
147.83333333333334,1983,AV,0,0,0,82,2528.8705143023185,-33.94284976017633,0
40.56666666666667,1250,AV,0,0,0,32,3796.2992442017935,-11.042000625672166,0
159.43333333333334,97,AV,0,0,0,95,2330.0601268902838,-33.69679717679246,0
28.433333333333334,1965,AV,0,0,0,25,2909.096538699429,-3.616178289967406,0
32.11666666666667,1117,AV,0,0,0,27,4287.599716252822,-9.344105300727756,0
161.56666666666666,865,AV,0,0,0,98,2805.470331102118,-42.21567602379155,0
114.68333333333334,1445,AV,0,0,0,60,1323.7649830713576,-10.813935500892383,0
31.766666666666666,730,AV,0,0,0,27,1259.9620074912045,0.8307507182669527,0
148.3,1145,AV,0,0,0,82,4296.143461647691,-61.366466183578396,0
90.63333333333334,1338,AV,0,0,0,51,711.2940070480151,-1.7153069623734485,0
6.633333333333334,642,AV,0,0,0,5,1484.1699740101171,3.974479774902732,0
149.6,1143,AV,0,0,0,84,2827.7714318225417,-39.06610481256794,0
33.11666666666667,419,AV,0,0,0,27,3579.859363874608,-7.34927179864383,0
24.366666666666667,1789,AV,0,0,0,22,2656.03079655386,-1.741522612086361,0
157.38333333333333,1190,AV,0,0,0,92,675.4469019033277,-6.07334217825195,0
161.85,657,AV,0,0,0,99,2094.7687185935733,-30.316491365038523,0
13.05,932,AV,0,0,0,12,5761.006934065206,-2.8313688009948894,0
25.466666666666665,516,AV,0,0,0,23,2144.2447979842855,-0.6882049502083118,0
17.516666666666666,1759,AV,0,0,0,16,2762.891277364634,-0.04131724394137226,0
40.233333333333334,1353,AV,0,0,0,32,3457.5739967388554,-9.490596576610411,0
76.5,296,AV,0,0,0,46,3663.28948898027,-24.191838115311526,0
41.483333333333334,124,AV,0,0,0,33,1557.223383415927,-1.7290434050733374,0
153.73333333333332,1229,AV,0,0,0,88,2264.2705303554094,-31.259776687497045,0
8.033333333333333,1876,AV,0,0,0,6,2918.685809888593,2.557627499364059,0
157.11666666666667,991,AV,0,0,0,90,3326.954610368812,-49.45000193046319,0
159.81666666666666,1120,AV,0,0,0,95,4372.6586265764845,-67.79413814278108,0
125.03333333333333,1274,AV,0,0,0,66,2520.0550145488605,-27.82196652629436,0
149.96666666666667,75,AV,0,0,0,84,3474.090450045338,-49.27060046789575,0
139.76666666666668,1179,AV,0,0,0,75,2738.591567436932,-34.87123070230229,0
91.81666666666666,817,AV,0,0,0,52,2226.7446887609185,-16.297111962472048,0
86.45,929,AV,0,0,0,50,1684.5787058165192,-10.1699821997748,0
21.916666666666668,1621,AV,0,0,0,20,620.134085468786,3.5842424958481707,0
10.45,1836,AV,0,0,0,9,1067.3547065882865,3.8381399287658757,0
14.033333333333333,403,AV,0,0,0,13,3959.667669430224,-0.7882641973268214,0
17.65,1072,AV,0,0,0,16,469.0348357969335,4.137659911269179,0
102.08333333333333,281,AV,0,0,0,55,2000.760149778583,-16.275444301030937,0
2.1,1652,AV,0,0,0,1,1706.179764772256,4.626773176456069,0
123.18333333333334,1223,AV,0,0,0,64,4915.130054065046,-58.06896914860201,0
15.85,1081,AV,0,0,0,14,831.0178959330087,3.6279548280689387,0
146.56666666666666,741,AV,0,0,0,80,1859.8114016310737,-23.394412267263302,0
10.533333333333333,1635,AV,0,0,0,8,1586.3035035048342,3.2594725447655293,0
41.666666666666664,21,AV,0,0,0,33,1130.479929453372,0.09340308396973995,0
88.91666666666667,31,AV,0,0,0,51,1291.2270599926949,-6.959542300453174,0
69.91666666666667,1603,AV,0,0,0,44,2064.659377413045,-10.036885569874523,0
1.0833333333333333,498,AV,0,0,0,0,5455.986807234465,4.3843070443225,0
55.96666666666667,902,AV,0,0,0,39,1344.5193741952282,-2.83836121275621,0
16.15,1383,AV,0,0,0,15,1685.5984537157,2.1643317679678584,0
6.766666666666667,238,AV,0,0,0,6,3128.5959164464634,2.794774406115861,0
159.21666666666667,773,AV,0,0,0,95,2220.497929429377,-31.827112360831315,0
22.4,862,AV,0,0,0,21,2677.581782899924,-1.2476908267664877,0
83.88333333333334,1464,AV,0,0,0,49,7389.088326109081,-59.56472490504689,0
94.9,622,AV,0,0,0,53,2122.1433359568296,-15.97827110232324,0
13.9,441,AV,0,0,0,13,5851.894894629333,-3.473056149515388,0
44.43333333333333,1315,AV,0,0,0,34,3121.1978442532604,-9.446377522186097,0
98.76666666666667,631,AV,0,0,0,54,4424.165902046336,-40.51667905473365,0
22.35,565,AV,0,0,0,20,2917.0853704352394,-1.7913393780445421,0
48.3,649,AV,0,0,0,36,2584.311536827149,-8.002317419661594,0
161.78333333333333,1127,AV,0,0,0,99,2261.077348775232,-33.10464900097427,0
151.13333333333333,1474,AV,0,0,0,85,1959.0808970646056,-25.841919400315696,0
13.583333333333334,823,AV,0,0,0,12,2223.7081992105077,1.8536073222976324,0
119.48333333333333,880,AV,0,0,0,63,1570.8797863177665,-14.551453451583452,0
34.833333333333336,433,AV,0,0,0,29,906.7521505749608,1.709875009198493,0
122.53333333333333,1198,AV,0,0,0,64,3567.2659057147434,-40.53218565766457,0
104.06666666666666,1016,AV,0,0,0,56,1340.3719888477037,-9.530004684661565,0
8.95,502,AV,0,0,0,8,1891.6296794191967,3.236449413458145,0
161.35,1006,AV,0,0,0,98,3316.887367467427,-50.74789341050722,0
50.68333333333333,1694,AV,0,0,0,37,2111.2766377700627,-6.14651433239368,0
115.88333333333334,1821,AV,0,0,0,60,1028.9823472067592,-7.421031701612147,0
104.45,898,AV,0,0,0,56,169.98930692117665,3.1504809262586564,0
32.56666666666667,881,AV,0,0,0,27,3233.474377846822,-5.969112733181754,0
63.96666666666667,966,AV,0,0,0,42,3430.463434906746,-17.85784490134044,0
139.85,674,AV,0,0,0,75,2268.122204256015,-28.041342735958715,0
3.1333333333333333,1087,AV,0,0,0,2,1273.856673085733,4.584227335867851,0
2.4,422,AV,0,0,0,1,842.9007329681281,4.789274816757968,0
24.533333333333335,1388,AV,0,0,0,22,5349.539904676536,-8.67104642306226,0
147.98333333333332,310,AV,0,0,0,82,2371.188562522851,-31.551707025417343,0
158.1,1400,AV,0,0,0,93,1273.8964853078523,-15.97948274241369,0
81.55,1666,AV,0,0,0,48,1470.9025733529138,-7.495010922596887,0
158.83333333333334,548,AV,0,0,0,95,2662.8706701225747,-39.05756508032663,0
161.05,1972,AV,0,0,0,98,1746.9029798395477,-24.306117177412414,0
32.88333333333333,235,AV,0,0,0,28,3445.29126892529,-6.8013188777597176,0
18.4,1757,AV,0,0,0,17,2546.3662678050805,0.11946465337359591,0
1.9,658,AV,0,0,0,0,3130.335560388686,4.380454420339739,0
14.55,1951,AV,0,0,0,13,1525.0607067610472,2.688579866315288,0
16.966666666666665,570,AV,0,0,0,16,2640.13397966365,0.333929876219452,0
73.48333333333333,1358,AV,0,0,0,45,1762.1221303555685,-8.488188320725177,0
31.616666666666667,1048,AV,0,0,0,27,4235.082072616015,-8.94783106207045,0
126.85,933,AV,0,0,0,67,2682.2694046339166,-30.44227853935545,0
103.88333333333334,468,AV,0,0,0,56,1538.2188973633533,-11.645344422336425,0
17.1,345,AV,0,0,0,16,3014.531851381104,-0.3696348602725914,0
70.36666666666666,1949,AV,0,0,0,44,2353.3839701953616,-12.249977642647249,0
103.66666666666667,1813,AV,0,0,0,56,260.6805225340181,2.1850124129139017,0
3.966666666666667,355,AV,0,0,0,2,3116.6818803233164,3.712204361949741,0
12.75,1160,AV,0,0,0,12,3955.9890236541646,-0.25404792204068727,0
107.61666666666666,1969,AV,0,0,0,57,316.4209925629184,1.452898699689646,0
149.25,26,AV,0,0,0,84,1430.4940633597264,-17.239712391295743,0
19.266666666666666,420,AV,0,0,0,18,3770.6997758041334,-2.567584966718017,0
61.733333333333334,1031,AV,0,0,0,41,2940.777144955811,-13.910830807146393,0
8.516666666666667,1228,AV,0,0,0,7,5745.044395499497,-0.09673209392403326,0
136.9,320,AV,0,0,0,73,2767.499550255935,-34.46569671146224,0
97.98333333333333,1554,AV,0,0,0,54,1557.8540990610668,-10.900389320104185,0
161.23333333333332,1279,AV,0,0,0,96,2585.9107393712097,-38.43073002200883,0
34.45,1322,AV,0,0,0,29,4246.91146025333,-10.240218729763253,0
30.233333333333334,1780,AV,0,0,0,26,435.7041816540791,3.6278344001380214,0
86.21666666666667,774,AV,0,0,0,50,3800.246492768011,-29.129644283140493,0
136.5,1931,AV,0,0,0,73,2812.21469428676,-34.98617768438986,0
13.35,1199,AV,0,0,0,13,1078.5597192250273,3.5001278904526965,0
83.43333333333334,733,AV,0,0,0,49,2672.8060388119425,-18.229283038702402,0
22.916666666666668,618,AV,0,0,0,21,3847.313820611271,-4.184125873855031,0
104.21666666666667,1394,AV,0,0,0,56,1997.004782513082,-16.679289765719272,0
135.1,1408,AV,0,0,0,72,2900.1298791336235,-35.81328611155755,0
9.633333333333333,114,AV,0,0,0,8,3081.72246855978,1.907577106202166,0
92.18333333333334,982,AV,0,0,0,52,940.8023291991472,-4.033989032639729,0
69.53333333333333,237,AV,0,0,0,44,296.8080504013119,2.8502028016071645,0
152.21666666666667,1716,AV,0,0,0,87,601.4441846470011,-4.536440518022676,0
36.61666666666667,391,AV,0,0,0,30,2276.1656868665264,-3.6818333577183306,0
42.333333333333336,143,AV,0,0,0,33,1857.8517442316104,-3.1926101221324483,0
21.366666666666667,530,AV,0,0,0,20,3883.6145030068574,-3.643739223706234,0
43.81666666666667,634,AV,0,0,0,34,944.3239126082494,0.689882697487695,0
108.85,1184,AV,0,0,0,58,915.454860096688,-5.3799230751588,0
134.81666666666666,1571,AV,0,0,0,72,1278.7518992502921,-12.958027974020162,0
78.9,231,AV,0,0,0,47,2599.3585578331454,-16.363478147191167,0
7.133333333333334,1119,AV,0,0,0,6,1075.351750293022,4.20095390776838,0
130.0,1857,AV,0,0,0,69,2448.5558023755825,-28.157526490502676,0
161.26666666666668,834,AV,0,0,0,99,2584.044652284951,-38.40836120748123,0
139.91666666666666,652,AV,0,0,0,75,2905.6483461761377,-37.34881573984145,0
7.433333333333334,904,AV,0,0,0,6,2308.0014731904976,3.212901637078191,0
158.75,900,AV,0,0,0,95,1468.0726935475027,-19.276722927152715,0
123.7,1407,AV,0,0,0,65,3844.4698020254646,-44.53759526151562,0
12.65,1399,AV,0,0,0,12,3377.7868787527705,0.5490620816434841,0
150.46666666666667,644,AV,0,0,0,85,1019.5470605764465,-10.979984136951662,0
136.1,860,AV,0,0,0,73,3690.2423537055265,-47.31687336867939,0
146.41666666666666,50,AV,0,0,0,81,5344.413277621995,-76.51158097900908,0
124.56666666666666,1030,AV,0,0,0,65,422.5308595070296,-0.4826313263116999,0
133.21666666666667,295,AV,0,0,0,71,2669.8432176044325,-32.04870978873652,0
7.8,884,AV,0,0,0,7,3813.962381486238,1.9011555650424317,0
95.3,1713,AV,0,0,0,53,2445.9080937575277,-19.28073347240546,0
3.8833333333333333,1530,AV,0,0,0,2,1898.5427227391951,4.232013100003068,0
59.11666666666667,489,AV,0,0,0,40,4384.547077238471,-21.999980005147318,0
160.03333333333333,1461,AV,0,0,0,96,3151.1854837618084,-47.53069967895987,0
40.38333333333333,1459,AV,0,0,0,32,3181.4246204241836,-8.382971970985757,0
111.03333333333333,1642,AV,0,0,0,59,2665.212788472948,-25.82577707778955,0
17.8,1641,AV,0,0,0,16,4051.9671407221367,-2.5130224067556295,0
97.9,1362,AV,0,0,0,54,3041.6399266843628,-26.018390502333244,0
154.5,427,AV,0,0,0,89,4364.538721074552,-65.24179504229357,0
154.36666666666667,1967,AV,0,0,0,88,2091.6231863153885,-28.633010332731132,0
154.73333333333332,714,AV,0,0,0,89,2041.7239849618238,-27.908620618724953,0
149.73333333333332,897,AV,0,0,0,85,4433.405164002002,-64.14880554408677,0
155.46666666666667,816,AV,0,0,0,90,2922.1404313494195,-42.3224408743531,0
4.033333333333333,1711,AV,0,0,0,3,629.5761723483338,4.735490566478651,0
150.6,1297,AV,0,0,0,85,928.2705575325958,-9.562244371292596,0
4.25,1235,AV,0,0,0,3,2114.9480820623307,4.063694859503656,0
51.18333333333333,1960,AV,0,0,0,37,1011.2153905925018,-0.39139316755134157,0
132.81666666666666,1870,AV,0,0,0,71,3910.5979185190026,-49.10339377201031,0
58.5,1132,AV,0,0,0,40,774.2087774680697,0.282165262303951,0
91.56666666666666,192,AV,0,0,0,52,4467.44158863799,-37.61132654162694,0
147.53333333333333,965,AV,0,0,0,83,2067.1846542363937,-26.7686086098968,0
161.4,1566,AV,0,0,0,99,3216.000825393966,-49.06901387693605,0
117.0,720,AV,0,0,0,61,4848.506724215968,-54.091175701382106,0
2.85,1177,AV,0,0,0,1,943.1502700370706,4.720002263582745,0
119.63333333333334,1614,AV,0,0,0,63,1981.8247601313478,-19.69711480594239,0
7.583333333333333,354,AV,0,0,0,6,699.3581116261053,4.447555658350907,0
43.666666666666664,409,AV,0,0,0,34,843.4316619039025,1.1635573712009992,0
154.78333333333333,1639,AV,0,0,0,89,4719.171181120092,-71.08844229003871,0
5.0,855,AV,0,0,0,4,1388.5906389665045,4.276775708871613,0
17.183333333333334,1070,AV,0,0,0,16,1839.8726263375634,1.7067557677881458,0
141.38333333333333,1618,AV,0,0,0,76,2798.685913942186,-36.21745244439507,0
16.216666666666665,1572,AV,0,0,0,15,3509.1335688177487,-0.9277551431591471,0
7.216666666666667,1470,AV,0,0,0,6,2832.482261617209,2.870720799860674,0
147.23333333333332,1028,AV,0,0,0,82,1928.6587941488115,-24.579464908872566,0
35.78333333333333,174,AV,0,0,0,30,3127.425388399889,-6.657260952941948,0
75.66666666666667,196,AV,0,0,0,46,3460.6399026735094,-22.276571455100235,0
24.316666666666666,397,AV,0,0,0,22,2335.2947361554716,-0.9152691320326962,0
131.13333333333333,877,AV,0,0,0,70,3181.5773342266234,-38.45946261405394,0
160.36666666666667,581,AV,0,0,0,98,5611.855905490274,-88.74527347678371,0
109.41666666666667,797,AV,0,0,0,58,2825.5761993605547,-27.204700952781323,0
89.0,806,AV,0,0,0,51,4801.225192277997,-39.511358553410595,0
75.11666666666666,1690,AV,0,0,0,46,1312.4786446479957,-5.26968967261895,0
113.91666666666667,739,AV,0,0,0,60,2146.0160039454954,-20.4653114357074,0
44.05,1839,AV,0,0,0,34,1542.6988767143698,-2.0787380749237485,0
11.2,683,AV,0,0,0,9,3220.3905949566006,1.2428776392172995,0
109.73333333333333,1567,AV,0,0,0,58,871.1390252818437,-4.957603025096631,0
26.566666666666666,1671,AV,0,0,0,24,4291.34481700063,-6.875700760935771,0
117.91666666666667,1017,AV,0,0,0,62,2835.8917849196755,-29.833219406782476,0
103.73333333333333,692,AV,0,0,0,56,2617.2107417209913,-23.280416070262934,0
140.13333333333333,1153,AV,0,0,0,75,3266.939113857109,-42.68823623144197,0
149.81666666666666,942,AV,0,0,0,84,3151.922844859126,-44.18860147992827,0
147.3,1935,AV,0,0,0,82,3840.829496904563,-53.93272759312939,0
55.78333333333333,1524,AV,0,0,0,39,2539.266287588419,-9.755076848191733,0
81.3,1354,AV,0,0,0,48,2542.1214529717645,-16.52859105485463,0
118.51666666666667,1168,AV,0,0,0,62,87.36217022853589,3.9214715408070857,0
121.98333333333333,1065,AV,0,0,0,64,3512.31688339035,-39.629595954052036,0
158.68333333333334,413,AV,0,0,0,94,2856.087185691547,-42.209732803766,0
10.583333333333334,462,AV,0,0,0,10,3550.697316073076,1.0856027852319388,0
23.516666666666666,58,AV,0,0,0,22,496.7484909383968,3.783138679315837,0
145.43333333333334,311,AV,0,0,0,80,756.1100521687142,-6.454542213930903,0
124.05,1896,AV,0,0,0,65,3015.0458417318578,-33.96004548612885,0
133.03333333333333,602,AV,0,0,0,71,1323.0865886989639,-13.334856164922098,0
11.05,1737,AV,0,0,0,10,1407.0440883950582,3.3804336274202713,0
27.666666666666668,653,AV,0,0,0,25,3547.9289542601073,-5.224934139013504,0
31.55,1940,AV,0,0,0,27,607.5727832817995,3.0032373632770026,0
66.78333333333333,1838,AV,0,0,0,43,4730.8175719845385,-27.910392380107716,0
21.216666666666665,1957,AV,0,0,0,20,2307.3643530452932,-0.09943545386572605,0
141.46666666666667,200,AV,0,0,0,76,3115.171987802122,-40.905520542472935,0
20.116666666666667,539,AV,0,0,0,19,1073.3522819865839,2.750805200767697,0
123.55,417,AV,0,0,0,65,1965.3094066190188,-20.293122623727058,0
160.68333333333334,1037,AV,0,0,0,98,3455.420260040659,-52.836296401131925,0
151.48333333333332,257,AV,0,0,0,86,3332.5174124266164,-47.58550479434985,0
91.35,240,AV,0,0,0,52,4874.69510708507,-41.38577062835637,0
66.33333333333333,156,AV,0,0,0,43,3234.454227607468,-17.34918025325993,0
142.35,1246,AV,0,0,0,77,1085.0456179350879,-11.089192053443725,0
27.183333333333334,1450,AV,0,0,0,24,2579.767004897015,-2.3048610850469293,0
123.1,132,AV,0,0,0,64,1020.1484857989435,-8.081279021026036,0
20.916666666666668,66,AV,0,0,0,19,1138.2307920340315,2.520000618050851,0
80.38333333333334,1044,AV,0,0,0,48,4351.228376156136,-31.433983434376806,0
11.95,1385,AV,0,0,0,10,1952.0328355155302,2.570125793290564,0
44.13333333333333,213,AV,0,0,0,34,1541.1784905858544,-2.0851400053321916,0
6.466666666666667,267,AV,0,0,0,5,3359.609979689019,2.7369293886817023,0
58.88333333333333,690,AV,0,0,0,40,1946.2463532025645,-6.937653412959481,0
147.61666666666667,1640,AV,0,0,0,82,2733.8449143096127,-37.03761181604208,0
20.5,394,AV,0,0,0,19,2011.3750622271284,0.7048761692024863,0
152.16666666666666,216,AV,0,0,0,86,1952.8350893121585,-25.9537923010764,0
150.53333333333333,1744,AV,0,0,0,85,2288.960373320817,-30.892170298322256,0
9.766666666666667,1032,AV,0,0,0,9,1566.2518908424013,3.4065562360526958,0
127.66666666666667,818,AV,0,0,0,67,577.1162157156975,-2.6748441187191716,0
149.9,605,AV,0,0,0,84,2449.4129479340572,-33.246562593262,0
126.63333333333334,660,AV,0,0,0,67,2068.767003625863,-22.289048079078658,0
83.65,1955,AV,0,0,0,49,4786.771600388845,-36.70973378880489,0
123.61666666666666,753,AV,0,0,0,65,1989.0535602129148,-20.61251780572776,0
48.06666666666667,1185,AV,0,0,0,36,4835.040202821049,-19.208777682180397,0
140.28333333333333,1674,AV,0,0,0,75,3762.779908761974,-49.984927937586,0
2.05,324,AV,0,0,0,0,5075.694930065005,3.9161276451423688,0
130.38333333333333,337,AV,0,0,0,69,3364.567045929669,-40.69619444497882,0
100.66666666666667,1412,AV,0,0,0,55,1733.384348421908,-13.176460875813063,0
158.03333333333333,448,AV,0,0,0,93,2143.4943537170248,-30.28578726032088,0
141.91666666666666,73,AV,0,0,0,76,3897.703129006187,-52.61969122133278,0
37.45,90,AV,0,0,0,30,1018.5684893383177,1.0265218827374998,0
141.83333333333334,1785,AV,0,0,0,76,4423.43986040478,-60.353252104244234,0
144.43333333333334,958,AV,0,0,0,79,1270.0995986511182,-14.108824864428112,0
14.2,873,AV,0,0,0,13,2262.096036171921,1.6539829464957005,0
152.0,1287,AV,0,0,0,86,2048.3168667872415,-27.431683724131318,0
132.25,1262,AV,0,0,0,71,1894.8714919482932,-21.10382862605852,0
146.18333333333334,1462,AV,0,0,0,80,940.7702333354123,-9.32551339684879,0
23.05,726,AV,0,0,0,21,1131.9920158147231,2.2820400036948576,0
61.38333333333333,1484,AV,0,0,0,41,1949.7195965739988,-7.466696656566038,0
3.433333333333333,1203,AV,0,0,0,2,1945.9818203099076,4.304041223986387,0
158.31666666666666,350,AV,0,0,0,94,2601.149692938735,-37.89639050907126,0
67.51666666666667,1881,AV,0,0,0,43,4257.816094430631,-24.945161455795983,0
28.283333333333335,1463,AV,0,0,0,25,3177.2983396072955,-4.360894587349966,0
148.66666666666666,471,AV,0,0,0,83,5350.797954935675,-77.86305166323996,0
20.2,1601,AV,0,0,0,18,1945.066950441901,0.9072549584451668,0
8.433333333333334,1619,AV,0,0,0,7,3481.3665882968307,1.9417161568086865,0
5.35,1236,AV,0,0,0,4,4195.560639284167,2.661849018732261,0
127.03333333333333,1719,AV,0,0,0,67,1605.7859710839332,-16.248785888197464,0
116.01666666666667,1731,AV,0,0,0,61,3045.192533857566,-31.80136324337243,0
8.733333333333333,1532,AV,0,0,0,7,3417.9311349310874,1.890632092527969,0
142.7,1174,AV,0,0,0,77,3084.0466039391304,-40.84306774813686,0
145.56666666666666,1424,AV,0,0,0,80,5851.483957789205,-83.72718904050507,0
158.46666666666667,1746,AV,0,0,0,94,241.37198414109298,1.0156860673376529,0
58.71666666666667,1745,AV,0,0,0,40,2523.0527283606207,-10.431796461830672,0
155.85,1453,AV,0,0,0,91,2845.680846346203,-41.19784998990163,0
57.53333333333333,836,AV,0,0,0,40,4596.720101296669,-22.548398940409896,0
156.06666666666666,944,AV,0,0,0,91,1461.4171823360787,-18.758177943394166,0
151.4,1313,AV,0,0,0,86,3907.8839392715845,-56.63058629226228,0
150.8,1477,AV,0,0,0,86,3626.360128989798,-51.96407369288142,0
161.13333333333333,611,AV,0,0,0,98,3811.3072708188383,-58.97173384423008,0
5.416666666666667,230,AV,0,0,0,5,3787.345436944788,2.863042939223861,0
114.38333333333334,1204,AV,0,0,0,60,2549.1930463056983,-25.37345811943751,0
12.216666666666667,832,AV,0,0,0,12,1137.867438063823,3.5519846664916974,0
23.816666666666666,994,AV,0,0,0,22,2086.934004908776,-0.1774803698170846,0
19.516666666666666,1122,AV,0,0,0,18,4180.517312619826,-3.4989336338156534,0
153.4,701,AV,0,0,0,87,552.943744863263,-3.83558025646089,0
31.7,405,AV,0,0,0,27,4426.747786506422,-9.617490086693081,0
23.6,824,AV,0,0,0,21,2724.5662895888104,-1.6978921285724926,0
95.36666666666666,29,AV,0,0,0,53,507.38077102674106,-0.04033467328995144,0
111.35,1,AV,0,0,0,59,5013.062902854932,-53.1463077325934,0
132.73333333333332,1440,AV,0,0,0,71,5351.5221329840215,-68.99222615813324,0
146.71666666666667,360,AV,0,0,0,81,2187.212379841266,-28.42713642316434,0
25.3,947,AV,0,0,0,23,4464.0666112192075,-6.764675548317287,0
38.61666666666667,781,AV,0,0,0,31,2743.8790328930945,-6.037443956967536,0
114.45,1298,AV,0,0,0,60,3093.4221374400204,-31.879392044792745,0
10.733333333333333,1485,AV,0,0,0,10,2107.302886228568,2.643918300813893,0
44.2,25,AV,0,0,0,34,3738.1779443058776,-12.211194285241646,0
144.66666666666666,1898,AV,0,0,0,79,2066.1090484619745,-26.135115521961698,0
3.2333333333333334,1361,AV,0,0,0,1,1480.6285913114361,4.501316064731912,0
156.15,1325,AV,0,0,0,91,1996.5980647204924,-27.47591539646926,0
11.616666666666667,819,AV,0,0,0,11,1990.1598844914538,2.591768334217807,0
6.7,28,AV,0,0,0,5,2926.385258993771,2.9576269546605976,0
80.98333333333333,1191,AV,0,0,0,48,2888.3300936584524,-19.365270703275034,0
131.28333333333333,798,AV,0,0,0,70,3335.112324591437,-40.608819063900604,0
111.95,1662,AV,0,0,0,59,4640.85607946756,-49.11914980170765,0
9.5,632,AV,0,0,0,8,2631.822172485631,2.395592641811094,0
152.45,19,AV,0,0,0,86,1819.7799100529403,-23.898484092455284,0
139.1,1533,AV,0,0,0,75,1745.087865384648,-20.285596049479636,0
55.083333333333336,1034,AV,0,0,0,39,745.4878132173747,0.7225048217301673,0
136.83333333333334,512,AV,0,0,0,73,4782.377045593828,-63.16547837556482,0
122.23333333333333,1146,AV,0,0,0,64,3800.927719394827,-43.39584009382233,0
69.75,1573,AV,0,0,0,44,4185.0143413577935,-25.40674482392772,0
50.833333333333336,1218,AV,0,0,0,37,3164.106467770679,-11.754383206077378,0
157.95,1093,AV,0,0,0,94,2635.456451306992,-38.36149442541035,0
146.26666666666668,686,AV,0,0,0,80,2849.3693133836287,-38.41330745530334,0
135.03333333333333,444,AV,0,0,0,72,3883.0588363884644,-49.618997729894694,0
80.55,1998,AV,0,0,0,48,595.6406865755839,0.002202364201741247,0
21.3,1819,AV,0,0,0,20,2164.3790215245785,0.197784045992341,0
152.7,1084,AV,0,0,0,87,4929.852490342964,-73.41546617451777,0
16.45,1052,AV,0,0,0,15,4857.417425377929,-3.3233871507778048,0
6.316666666666666,604,AV,0,0,0,5,1024.6297633692282,4.325807846671983,0
123.38333333333334,724,AV,0,0,0,65,2859.9006292942113,-31.756674233793483,0
53.15,211,AV,0,0,0,38,3315.304175902167,-13.355043432208351,0
15.533333333333333,1187,AV,0,0,0,14,679.0910683247041,3.901192924169055,0
38.38333333333333,1770,AV,0,0,0,31,2444.6410749343513,-4.774320131204533,0
8.65,666,AV,0,0,0,7,1634.6063426271512,3.527151576695327,0
160.83333333333334,1467,AV,0,0,0,98,2255.472645879209,-32.78699832071939,0
8.1,1739,AV,0,0,0,7,2281.638433402184,3.0748675718169074,0
161.48333333333332,1950,AV,0,0,0,99,825.6177614231615,-8.887865434772587,0
33.03333333333333,1925,AV,0,0,0,28,854.6114506974122,2.0593057373571684,0
130.06666666666666,755,AV,0,0,0,69,3783.282529694896,-46.25822371829682,0
43.733333333333334,791,AV,0,0,0,34,2903.378741119648,-8.226503153989508,0
98.6,1842,AV,0,0,0,54,2372.746514338402,-19.37008399101734,0
51.25,1509,AV,0,0,0,37,3638.7299620805206,-14.425511516315279,0
156.85,745,AV,0,0,0,92,4460.325957857185,-67.87522150936454,0
129.75,1164,AV,0,0,0,69,1242.2099335793741,-11.78924363353373,0
18.9,517,AV,0,0,0,17,3870.8029068780015,-2.6206432229160654,0
63.8,181,AV,0,0,0,42,982.451105184663,-1.529206303206406,0
156.25,501,AV,0,0,0,90,2719.8633674142657,-39.268609495674895,0
32.7,367,AV,0,0,0,28,4509.969000936493,-10.36208190943993,0
121.9,813,AV,0,0,0,64,4655.329751740878,-54.112989243459694,0
54.766666666666666,298,AV,0,0,0,39,3041.34909555178,-12.350474180526302,0
91.51666666666667,1824,AV,0,0,0,52,3122.4719130397793,-24.76648137934276,0
114.98333333333333,1302,AV,0,0,0,60,554.1713903232901,-1.6375493434728794,0
158.23333333333332,1772,AV,0,0,0,94,4398.987772765265,-67.50692693512747,0
160.76666666666668,1295,AV,0,0,0,98,1432.6924672871562,-18.99262420043734,0
20.05,764,AV,0,0,0,18,389.56642437562095,4.186374290757167,0
17.25,1791,AV,0,0,0,16,3511.649196199988,-1.3099946494218537,0
111.41666666666667,1406,AV,0,0,0,59,4065.094393889359,-42.17909031796938,0
5.733333333333333,521,AV,0,0,0,5,2160.5278253143665,3.7096847709928085,0
115.31666666666666,916,AV,0,0,0,60,1832.5980200830818,-17.01344739749105,0
3.283333333333333,55,AV,0,0,0,2,4665.7587902513405,3.4042456915286214,0
25.95,412,AV,0,0,0,23,5011.503088921381,-8.54671928724061,0
45.916666666666664,134,AV,0,0,0,35,4905.933252700564,-18.46501060970495,0
141.6,1545,AV,0,0,0,76,2530.935924214931,-32.33130488217024,0
115.4,64,AV,0,0,0,60,1778.6715954182373,-16.381114803256725,0
81.05,522,AV,0,0,0,48,5351.573425057766,-40.18177355218041,0
42.483333333333334,280,AV,0,0,0,33,4382.511613237179,-14.394135593995777,0
58.8,803,AV,0,0,0,40,2979.977989172132,-13.252365183679306,0
66.71666666666667,767,AV,0,0,0,43,4282.54651020283,-24.762211250593626,0
3.7333333333333334,342,AV,0,0,0,2,1304.4448733838158,4.492715882572961,0
26.783333333333335,1272,AV,0,0,0,24,3711.5689621141228,-5.355019656453811,0
10.683333333333334,27,AV,0,0,0,9,2641.014819697764,2.0609539940516206,0
27.75,667,AV,0,0,0,24,1241.8103201296929,1.4103920433751065,0
157.75,251,AV,0,0,0,92,2175.9624789988243,-30.756050110631726,0
72.9,421,AV,0,0,0,45,3760.6772922630453,-23.557643188122505,0
151.55,46,AV,0,0,0,86,1900.1074786870477,-24.995967541148133,0
44.28333333333333,1435,AV,0,0,0,34,354.717575707954,3.3637420162221634,0
34.6,624,AV,0,0,0,29,3023.6724936171313,-5.897819612411743,0
72.83333333333333,993,AV,0,0,0,45,2918.2502101982714,-17.140196907233413,0
125.48333333333333,1225,AV,0,0,0,66,3101.5447486014755,-35.540851410105056,0
69.03333333333333,913,AV,0,0,0,44,2264.551972196855,-11.284330327846135,0
11.85,1460,AV,0,0,0,11,2208.018718008052,2.274476894958811,0
27.8,1078,AV,0,0,0,25,1514.6089484622876,0.6139449200779588,0
128.38333333333333,1359,AV,0,0,0,68,2926.1457856450047,-34.132119768790744,0
14.4,93,AV,0,0,0,13,2811.455964476923,0.7828160532846153,0
83.58333333333333,964,AV,0,0,0,49,1809.7040886842228,-10.756364591582251,0
109.25,224,AV,0,0,0,58,1714.7734141348392,-14.514478697315749,0
161.93333333333334,407,AV,0,0,0,99,143.74205874760582,2.5753509673754547,0
10.083333333333334,155,AV,0,0,0,8,1618.051714569874,3.3004838761896287,0
8.583333333333334,777,AV,0,0,0,7,3444.420068444673,1.920353584637141,0
136.98333333333332,1152,AV,0,0,0,73,3338.545132606333,-42.63802507793655,0
14.483333333333333,202,AV,0,0,0,13,1246.625528382772,3.1192403052697415,0
130.53333333333333,1606,AV,0,0,0,69,677.4106572785306,-4.210903242717796,0
12.15,1386,AV,0,0,0,11,3680.191809661508,0.3422572408971529,0
4.65,526,AV,0,0,0,2,2284.1339170660685,3.8936226339211233,0
94.35,558,AV,0,0,0,53,3592.7162549756376,-30.30966444343244,0
134.9,728,AV,0,0,0,72,1439.4932066112192,-15.227878497068073,0
73.08333333333333,1125,AV,0,0,0,45,2773.4335783035935,-16.11372611260635,0
98.13333333333334,41,AV,0,0,0,54,2572.6049428380647,-21.297739415677995,0
30.4,344,AV,0,0,0,26,2224.931802116842,-2.045617373369999,0
16.616666666666667,727,AV,0,0,0,15,3789.7065774893235,-1.5596136419389852,0
60.916666666666664,1142,AV,0,0,0,41,3258.2829968977867,-15.67538950288439,0
135.86666666666667,1327,AV,0,0,0,73,3761.086940320292,-48.22982766925524,0
121.16666666666667,722,AV,0,0,0,64,669.0206943113137,-3.4440632771584205,0
13.966666666666667,100,AV,0,0,0,13,369.1101778967068,4.462995956462777,0
139.05,583,AV,0,0,0,74,1965.6415544552224,-23.471089390312365,0
6.25,1376,AV,0,0,0,5,2393.935118032594,3.4414484908641967,0
1.6,271,AV,0,0,0,0,3868.413230129566,4.355264461645072,0
126.78333333333333,1564,AV,0,0,0,67,3937.7320747641934,-47.004041480436136,0
10.916666666666666,1974,AV,0,0,0,9,1849.394532909008,2.896955869695486,0
147.68333333333334,615,AV,0,0,0,83,4655.636557800841,-66.62082558797441,0
5.8,1421,AV,0,0,0,5,2615.8620417457723,3.4195833497785957,0
72.75,1163,AV,0,0,0,45,3539.121724250246,-21.819906816583895,0
56.28333333333333,939,AV,0,0,0,39,2867.4345911130426,-11.811330927411017,0
23.883333333333333,969,AV,0,0,0,22,2504.098861394601,-1.2298153964903875,0
12.516666666666667,461,AV,0,0,0,12,3143.2373240300285,0.9017860584261257,0
162.01666666666668,1882,AV,0,0,0,99,3092.884416065179,-47.19779411210001,0
29.916666666666668,122,AV,0,0,0,26,1924.4334990425293,-0.9971495326064934,0
27.416666666666668,1656,AV,0,0,0,24,2784.160677876202,-2.9512922137263065,0
143.95,1578,AV,0,0,0,79,2981.406360923379,-39.70556725572087,0
32.18333333333333,351,AV,0,0,0,27,4143.229891016097,-8.889890485333476,0
100.51666666666667,758,AV,0,0,0,55,4413.501545477434,-41.2115066332889,0
157.28333333333333,1458,AV,0,0,0,93,1503.124048298609,-19.62670424269787,0
75.98333333333333,1910,AV,0,0,0,46,1876.3469595776514,-9.85115588318492,0
61.25,907,AV,0,0,0,41,2015.2009581655368,-7.857401946629075,0
13.716666666666667,587,AV,0,0,0,13,1071.7774236420257,3.4686235769837026,0
58.18333333333333,1086,AV,0,0,0,40,3005.281305583205,-13.214300412831541,0
1.75,148,AV,0,0,0,0,550.0737971644253,4.899726130725235,0
15.316666666666666,655,AV,0,0,0,14,1064.4400862919097,3.3017006262113457,0
56.03333333333333,325,AV,0,0,0,39,3513.7318088597453,-15.508969342684832,0
11.116666666666667,707,AV,0,0,0,10,3867.116745010932,0.5219325192321325,0
5.516666666666667,1906,AV,0,0,0,4,5127.373317984995,2.0535406801162615,0
122.3,1329,AV,0,0,0,64,2583.427686583372,-27.911792298869415,0
1.8166666666666667,986,AV,0,0,0,1,3300.846170138365,4.375360707387011,0
155.78333333333333,48,AV,0,0,0,90,2758.350768513256,-39.76094554391216,0
64.03333333333333,495,AV,0,0,0,42,2058.5162981510657,-8.73058961370902,0
1.9666666666666666,846,AV,0,0,0,0,803.7393535238486,4.835345062993378,0
161.71666666666667,1788,AV,0,0,0,99,670.1949076055103,-6.2897590078060155,0
4.466666666666667,348,AV,0,0,0,3,2137.425932693911,4.005503211871583,0
145.13333333333333,1214,AV,0,0,0,80,3322.7306604416062,-45.233226720703996,0
127.6,735,AV,0,0,0,67,4285.705209588193,-51.964165077443056,0
148.21666666666667,33,AV,0,0,0,82,4986.807522047665,-71.99249877355884,0
149.2,126,AV,0,0,0,83,3911.8766626309443,-55.79708313172259,0
153.96666666666667,1786,AV,0,0,0,88,3094.3492578856185,-44.62777507699192,0
66.26666666666667,1473,AV,0,0,0,43,2245.425696233646,-10.499674597612804,0
79.23333333333333,1831,AV,0,0,0,47,2961.79883348698,-19.44512439999497,0
108.55,464,AV,0,0,0,57,5198.304227789806,-53.77874207568578,0
143.75,1141,AV,0,0,0,78,2037.7495191500482,-25.51317639352286,0
3.0833333333333335,266,AV,0,0,0,1,3336.6382674514994,3.928336667572001,0
131.51666666666668,763,AV,0,0,0,70,3541.1162187621703,-43.512062642799116,0
8.8,476,AV,0,0,0,7,722.8901683945815,4.337350678971633,0
158.58333333333334,1550,AV,0,0,0,95,5023.158027708876,-77.97803582230895,0
55.7,273,AV,0,0,0,39,4581.560095452263,-21.582593470488654,0
128.06666666666666,1895,AV,0,0,0,68,3492.1272602293334,-41.58594768680938,0
111.65,1045,AV,0,0,0,59,3014.581557576247,-30.06021155243625,0
151.91666666666666,1916,AV,0,0,0,87,4352.901304242461,-63.883151715572964,0
13.216666666666667,176,AV,0,0,0,12,3311.3334090098665,0.4411677198874582,0
22.733333333333334,177,AV,0,0,0,21,2181.9614035996506,-0.16700582380194984,0
142.63333333333333,1102,AV,0,0,0,77,4334.536907716325,-59.40098412541026,0
136.56666666666666,1982,AV,0,0,0,73,2440.1270488438895,-29.712501802477135,0
143.83333333333334,470,AV,0,0,0,78,159.79711013179121,2.6058176034073637,0
104.13333333333334,1667,AV,0,0,0,56,4758.365406795958,-46.6150469820506,0
69.81666666666666,318,AV,0,0,0,44,1220.0756136884966,-3.873084628022763,0
134.43333333333334,377,AV,0,0,0,72,285.75599378449215,0.9984238787053581,0
5.15,1526,AV,0,0,0,4,1794.4606692274538,4.037346620154022,0
111.1,717,AV,0,0,0,59,5251.511151467491,-55.775300930003986,0
17.583333333333332,989,AV,0,0,0,16,3917.9520622687464,-2.176110114051262,0
59.03333333333333,1742,AV,0,0,0,40,3659.9617729260867,-17.506223263375343,0
29.533333333333335,1994,AV,0,0,0,26,3575.2277781804587,-5.9987910120412735,0
38.46666666666667,1082,AV,0,0,0,31,2294.1181696172116,-4.192404054646746,0
20.733333333333334,1373,AV,0,0,0,20,2562.215088879133,-0.5336728655653493,0
148.51666666666668,594,AV,0,0,0,83,4437.129720769023,-63.644553718355496,0
127.51666666666667,69,AV,0,0,0,67,5862.735501352991,-72.87463423758983,0
140.06666666666666,1192,AV,0,0,0,75,2030.5126556434482,-24.62574367713114,0
138.98333333333332,1123,AV,0,0,0,74,3865.1742122586265,-50.95779124309841,0
53.93333333333333,402,AV,0,0,0,38,2608.7444907233003,-9.656071479132985,0
41.43333333333333,788,AV,0,0,0,33,2453.8083344728675,-5.590568610242272,0
66.93333333333334,118,AV,0,0,0,43,4402.77830481079,-25.69714873631968,0
108.93333333333334,1538,AV,0,0,0,58,1344.5334038728465,-10.256719318946049,0
53.21666666666667,1381,AV,0,0,0,38,2197.8580115253517,-7.183612206250777,0
7.733333333333333,1762,AV,0,0,0,7,887.4877229022363,4.2850793343287545,0
159.5,936,AV,0,0,0,95,232.41502166133296,1.1385212546893122,0
14.766666666666667,1714,AV,0,0,0,14,604.4969291366033,4.07016618191835,0
127.18333333333334,1555,AV,0,0,0,67,1486.8558935334004,-14.698259242280173,0
152.3,589,AV,0,0,0,86,1196.5548317786272,-13.982843841654681,0
139.98333333333332,1796,AV,0,0,0,75,3418.6769411330247,-44.84977018850047,0
28.366666666666667,580,AV,0,0,0,25,2443.5267985937194,-2.220282311122414,0
160.91666666666666,1723,AV,0,0,0,98,906.2683104673563,-10.191007877712371,0
16.9,1100,AV,0,0,0,15,601.9395147464588,3.9403356459150882,0
95.45,1021,AV,0,0,0,53,1843.9757288351898,-13.33411284555405,0
8.866666666666667,1495,AV,0,0,0,8,3218.6616844812743,2.0272083053054897,0
27.483333333333334,876,AV,0,0,0,24,3417.160817299414,-4.782809353692246,0
135.26666666666668,1890,AV,0,0,0,72,894.4603144324947,-7.603194291552304,0
6.983333333333333,1764,AV,0,0,0,6,1186.8447806056918,4.13665284188579,0
2.683333333333333,499,AV,0,0,0,2,5833.505836705428,3.3694540977264342,0
4.116666666666666,210,AV,0,0,0,2,2765.7068381822282,3.814011130154496,0
159.25,1692,AV,0,0,0,96,2225.5081217317575,-31.917934206852337,0
72.6,482,AV,0,0,0,45,2427.0612435552903,-13.354650654386884,0
6.166666666666667,1434,AV,0,0,0,5,1131.3346060246795,4.273274645435536,0
157.21666666666667,949,AV,0,0,0,93,2945.0525553393613,-43.230348532146174,0
2.25,845,AV,0,0,0,1,2283.427107022099,4.464821771791696,0
158.98333333333332,1733,AV,0,0,0,95,2324.8067736088997,-33.50057606502655,0
146.63333333333333,1176,AV,0,0,0,81,3711.5412110417146,-51.691214539487845,0
6.4,1457,AV,0,0,0,5,3252.1756575304294,2.8318828949797137,0
5.9,3,AV,0,0,0,4,2949.714135495375,3.187154854226801,0
159.55,1627,AV,0,0,0,97,2718.8910751912563,-40.187403234038015,0
53.583333333333336,1222,AV,0,0,0,38,2347.322707253285,-8.101809902464083,0
49.31666666666667,584,AV,0,0,0,36,3081.711266482075,-10.831221592917467,0
70.15,63,AV,0,0,0,44,2071.2164085452637,-10.134982402026067,0
46.61666666666667,1979,AV,0,0,0,35,4051.3574751564383,-14.672998017382913,0
18.233333333333334,1172,AV,0,0,0,17,3075.589235719176,-0.8414837220082969,0
114.15,1984,AV,0,0,0,60,1097.4832351150594,-8.049761592540005,0
104.3,766,AV,0,0,0,56,3627.18402278283,-34.40784308085929,0
83.5,1026,AV,0,0,0,49,4179.947640133468,-31.356836244910888,0
26.633333333333333,195,AV,0,0,0,24,2043.004169170916,-0.6679178165540334,0
146.33333333333334,1743,AV,0,0,0,81,146.11958752516784,2.772691009599004,0
43.18333333333333,1261,AV,0,0,0,33,3801.6218563052325,-12.10069831542857,0
70.28333333333333,606,AV,0,0,0,44,1461.0187750245368,-5.696382247011234,0
114.3,1698,AV,0,0,0,60,5215.498234942023,-57.09702585977846,0
81.61666666666666,1612,AV,0,0,0,48,2708.5112867588937,-18.027048213990106,0
13.133333333333333,1797,AV,0,0,0,12,710.4622038924481,4.028048234952693,0
72.38333333333334,484,AV,0,0,0,45,2896.272679192328,-16.837694871062986,0
9.866666666666667,1975,AV,0,0,0,8,4877.4653009498215,-0.012950448198427722,0
136.33333333333334,921,AV,0,0,0,73,2544.851673074373,-31.140428273868707,0
153.81666666666666,1041,AV,0,0,0,88,3766.3182875985094,-55.34609631292819,0
11.766666666666667,1337,AV,0,0,0,11,3267.296032588494,0.9952934045009076,0
156.78333333333333,1040,AV,0,0,0,92,2732.1568535203987,-39.62048527962915,0
144.85,338,AV,0,0,0,79,2497.3802476237706,-32.68182592378158,0
34.516666666666666,299,AV,0,0,0,29,803.7244037247574,2.1102200692465756,0
155.26666666666668,1706,AV,0,0,0,88,3110.480989158159,-45.307709887148285,0
66.56666666666666,208,AV,0,0,0,43,69.91484433263895,4.515208527318472,0
55.416666666666664,137,AV,0,0,0,39,3361.867685914601,-14.406614679975778,0
154.03333333333333,400,AV,0,0,0,88,919.2911448953121,-9.75015409917096,0
66.63333333333334,573,AV,0,0,0,43,3038.2788610573325,-16.088609177963917,0
15.4,102,AV,0,0,0,14,1910.3513738587421,1.935478004434935,0
75.26666666666667,663,AV,0,0,0,46,1597.4187594907553,-7.524206801840714,0
155.01666666666668,332,AV,0,0,0,90,186.49585763622645,1.9885451877178082,0
129.66666666666666,1599,AV,0,0,0,69,4415.913505729906,-54.64549839336574,0
114.08333333333333,629,AV,0,0,0,60,1661.862126116709,-14.749038634147347,0
138.68333333333334,309,AV,0,0,0,74,1737.797924296244,-20.104542583453206,0
143.18333333333334,104,AV,0,0,0,78,4529.610062133732,-62.558819520470294,0
100.73333333333333,1874,AV,0,0,0,55,3490.925664105584,-31.630476933774567,0
150.1,1291,AV,0,0,0,85,1093.2414766733045,-12.09328600506906,0
66.86666666666666,1622,AV,0,0,0,43,2815.1869701657038,-14.608559243584729,0
151.03333333333333,1740,AV,0,0,0,86,3965.890882115261,-57.39392912105641,0
157.8,1936,AV,0,0,0,94,1733.67443879992,-23.497273587773684,0
49.15,852,AV,0,0,0,36,1477.213524306253,-2.5630254916304507,0
44.666666666666664,157,AV,0,0,0,34,3623.2038706267786,-11.857962453610703,0
19.583333333333332,1220,AV,0,0,0,18,5015.240010592044,-5.230741341051479,0
151.78333333333333,725,AV,0,0,0,86,4050.7171372762723,-59.04493223815106,0
143.41666666666666,228,AV,0,0,0,78,4398.683546124188,-60.71297207360874,0
145.36666666666667,45,AV,0,0,0,80,3195.892539755995,-43.393358909291294,0
111.88333333333334,691,AV,0,0,0,59,2322.47448082014,-22.067311093308334,0
96.31666666666666,1637,AV,0,0,0,53,1199.2335827866614,-7.031893880076591,0
128.55,259,AV,0,0,0,68,881.6943614249901,-6.806438558456508,0
95.06666666666666,1562,AV,0,0,0,53,3714.918396185929,-31.788011340007877,0
153.23333333333332,197,AV,0,0,0,87,4439.78563842733,-65.86699506892514,0
107.28333333333333,1213,AV,0,0,0,57,3787.3363570665633,-37.32479883756505,0
146.05,1860,AV,0,0,0,80,3694.75949844762,-51.21037757794531,0
86.68333333333334,1392,AV,0,0,0,50,1287.427583393744,-6.6248452451924695,0
13.3,1241,AV,0,0,0,11,3695.494232980369,-0.11979930194155308,0
160.3,187,AV,0,0,0,98,2789.2602277861533,-41.57483484522088,0
160.61666666666667,896,AV,0,0,0,98,1827.3841110843643,-25.573785900208367,0
1.3,1783,AV,0,0,0,0,3096.409262715839,4.58069457900723,0
48.46666666666667,131,AV,0,0,0,36,1531.6663798136133,-2.7327879036423397,0
114.75,234,AV,0,0,0,60,1409.9388964018829,-11.853175871053757,0
61.65,1018,AV,0,0,0,41,4602.846955026455,-24.55890778931052,0
44.583333333333336,262,AV,0,0,0,34,1133.6822814654256,-0.26493073423613467,0
156.3,723,AV,0,0,0,92,3528.2824106963144,-52.44484799914937,0
157.0,1755,AV,0,0,0,92,3822.5014926756576,-57.513826494799815,0
14.616666666666667,319,AV,0,0,0,14,1652.6639470463238,2.483704372292316,0
75.81666666666666,335,AV,0,0,0,46,456.75061187776623,1.39278032390285,0
91.95,787,AV,0,0,0,52,2233.4715664240675,-16.39246984715552,0
156.93333333333334,1810,AV,0,0,0,92,3187.0550907856314,-47.09949780353733,0
98.06666666666666,1316,AV,0,0,0,54,2684.839429352507,-22.426380559566233,0
75.2,643,AV,0,0,0,46,1960.8540892911228,-10.36002369944713,0
19.75,661,AV,0,0,0,18,5846.511517805378,-7.02797942465169,0
31.183333333333334,1795,AV,0,0,0,27,799.9498208811353,2.4015518839086734,0
116.08333333333333,857,AV,0,0,0,61,2489.8369925937377,-25.10714349551282,0
47.46666666666667,1923,AV,0,0,0,35,2066.513868914474,-5.217763018521568,0
128.21666666666667,608,AV,0,0,0,68,2602.158101108784,-29.754170610815756,0
159.86666666666667,1891,AV,0,0,0,96,2235.80960909232,-32.232440573634605,0
144.51666666666668,1892,AV,0,0,0,79,3814.7764214436297,-52.42695546933631,0
155.3,1417,AV,0,0,0,90,1033.1663629137686,-11.713618350052943,0
3.6666666666666665,357,AV,0,0,0,2,2901.692780518608,3.8917145629963654,0
31.033333333333335,1952,AV,0,0,0,27,2948.09217436186,-4.530117410871153,0
145.28333333333333,1232,AV,0,0,0,80,1491.6176002731709,-17.573664273578526,0
19.116666666666667,1570,AV,0,0,0,18,2904.7844275609173,-0.7843537125214795,0
135.5,1471,AV,0,0,0,72,3516.2178307586582,-44.62994959039565,0
12.45,349,AV,0,0,0,11,3052.7114683259647,1.041014814514765,0
120.21666666666667,562,AV,0,0,0,63,1113.4319311142183,-8.943028679039681,0
146.1,621,AV,0,0,0,81,1474.6992896188262,-17.443079813886513,0
85.88333333333334,1879,AV,0,0,0,50,2825.168631822224,-20.274468680173477,0
47.93333333333333,1377,AV,0,0,0,36,2643.111186017731,-8.197200991296866,0
103.51666666666667,1730,AV,0,0,0,56,1878.881003446913,-15.259947764598568,0
147.08333333333334,1161,AV,0,0,0,82,1071.7219079169615,-11.420044856540251,0
2.9833333333333334,536,AV,0,0,0,2,4099.296122973481,3.7260867951176158,0
36.36666666666667,1843,AV,0,0,0,30,3003.4938688166767,-6.377818787774286,0
18.65,1528,AV,0,0,0,17,3830.3819283332955,-2.441314892022495,0
23.216666666666665,1217,AV,0,0,0,22,3268.4023509831404,-2.904313324513046,0
159.33333333333334,1080,AV,0,0,0,97,3744.0719566308853,-57.141194280193176,0
2.4833333333333334,1893,AV,0,0,0,1,1450.5350737311642,4.624774781274404,0
1.5166666666666666,1114,AV,0,0,0,0,2928.344114340287,4.537362301380267,0
32.4,1293,AV,0,0,0,28,3305.2366237980946,-6.155173605318568,0
38.53333333333333,1429,AV,0,0,0,31,4219.929123567839,-11.938326620987574,0
160.18333333333334,1497,AV,0,0,0,96,2459.138857947876,-36.03261035371013,0
121.43333333333334,1112,AV,0,0,0,64,1539.1939145881004,-14.46973413487656,0
89.15,839,AV,0,0,0,51,3077.3267590110204,-23.577466725607547,0
139.55,1944,AV,0,0,0,75,3755.571593672764,-49.592709989274404,0
105.4,1887,AV,0,0,0,56,1637.6539121598753,-12.980075243921966,0
80.16666666666667,738,AV,0,0,0,48,2371.7760428512843,-14.805977024504653,0
14.333333333333334,1311,AV,0,0,0,13,4420.989682318556,-1.6007832062395115,0
143.68333333333334,1907,AV,0,0,0,78,2112.7808823265254,-26.622020809960027,0
22.133333333333333,889,AV,0,0,0,20,1622.8006978035482,1.258542835619597,0
3.5166666666666666,1263,AV,0,0,0,2,2429.4953186036955,4.110028624608716,0
114.23333333333333,1586,AV,0,0,0,60,3328.822797135512,-34.61067960341458,0
145.9,1565,AV,0,0,0,80,2316.350322224987,-30.20369916798183,0
19.2,1384,AV,0,0,0,17,3172.906058824605,-1.34581211764921,0
24.05,2,AV,0,0,0,22,3487.332023257645,-3.7364932457652458,0
29.466666666666665,113,AV,0,0,0,26,3857.630633266293,-6.840782915997927,0
15.466666666666667,988,AV,0,0,0,14,1636.484426255447,2.3634417576995577,0
148.73333333333332,59,AV,0,0,0,83,1952.5696426783643,-25.251269950107154,0
125.73333333333333,1825,AV,0,0,0,66,2698.9152711039806,-30.34829306459796,0
3.816666666666667,458,AV,0,0,0,2,589.6022712665247,4.765592152569385,0
5.566666666666666,1054,AV,0,0,0,5,6825.070647412166,1.0424069509797511,0
12.616666666666667,24,AV,0,0,0,11,2432.5411633891786,1.8030665613097079,0
27.966666666666665,1051,AV,0,0,0,25,2693.9861332901532,-2.8481054369112453,0
28.983333333333334,782,AV,0,0,0,25,1659.1911591872872,-0.009259419838008043,0
15.15,752,AV,0,0,0,14,3059.799252030452,0.17125430538944286,0
28.75,1106,AV,0,0,0,25,2216.689151633071,-1.638522198901124,0
1.3666666666666667,82,AV,0,0,0,0,1973.821773494045,4.719004539190084,0
49.06666666666667,973,AV,0,0,0,36,1499.8408929245606,-2.665853452725533,0
5.083333333333333,1948,AV,0,0,0,3,1963.5090906853761,3.9602946655225004,0
134.95,1818,AV,0,0,0,72,3048.1299444878764,-37.84845166756656,0
123.01666666666667,1966,AV,0,0,0,65,1359.1121029468832,-12.41598338863011,0
7.366666666666666,535,AV,0,0,0,6,4930.300779927223,1.2166789154030684,0
121.05,321,AV,0,0,0,63,3411.227641185842,-38.013448538077725,0
118.36666666666666,130,AV,0,0,0,62,2293.5045708716734,-23.278592816546222,0
139.61666666666667,1638,AV,0,0,0,75,6173.906751011581,-84.7896125924028,0
38.68333333333333,1277,AV,0,0,0,31,5852.896166527101,-18.584326393245487,0
81.68333333333334,544,AV,0,0,0,48,3023.1910418134025,-20.723366833207443,0
75.73333333333333,481,AV,0,0,0,46,3331.3436456634095,-21.280599871344673,0
153.3,950,AV,0,0,0,88,2956.6783097049165,-42.21445675810039,0
94.18333333333334,1323,AV,0,0,0,53,1518.8701880678555,-9.90127679300599,0
153.01666666666668,895,AV,0,0,0,87,1454.8689851220554,-18.18950026459304,0
23.466666666666665,838,AV,0,0,0,21,2882.475647618991,-2.0460515830686434,0
63.733333333333334,923,AV,0,0,0,42,3813.642778372343,-20.318350667527497,0
66.18333333333334,1071,AV,0,0,0,43,1581.8414197552793,-5.9053685379309275,0
123.88333333333334,314,AV,0,0,0,65,4015.4154184622203,-46.81698403720431,0
32.25,1446,AV,0,0,0,27,3318.3386012962,-6.147543738729421,0
154.88333333333333,780,AV,0,0,0,89,3323.838728636165,-48.625752265999786,0
139.21666666666667,270,AV,0,0,0,74,3864.3351887032495,-51.03956915145528,0
15.75,1171,AV,0,0,0,15,5648.287248485181,-4.266721267046002,0
29.85,1741,AV,0,0,0,26,3494.5483420279093,-5.8658612509930315,0
148.6,620,AV,0,0,0,82,1359.3261259015242,-16.041235657184007,0
130.21666666666667,1766,AV,0,0,0,69,3511.304530615824,-42.628163711287215,0
78.36666666666666,329,AV,0,0,0,47,1642.0938905174125,-8.404731724327904,0
114.51666666666667,1085,AV,0,0,0,60,2473.1321981048354,-24.50154745343459,0
125.58333333333333,129,AV,0,0,0,66,2628.479477350591,-29.38470982957761,0
7.283333333333333,1389,AV,0,0,0,6,2424.367297440538,3.1606796719070918,0
15.916666666666666,277,AV,0,0,0,15,3146.1966072428395,-0.2163502776335271,0
142.41666666666666,194,AV,0,0,0,77,2004.673661909949,-24.739472987882834,0
10.383333333333333,1226,AV,0,0,0,9,2221.616628833291,2.597105625411215,0
45.56666666666667,1281,AV,0,0,0,35,3359.529337930456,-10.9460993227463,0
150.88333333333333,1591,AV,0,0,0,86,6091.44563964159,-90.73933572165853,0
21.683333333333334,1522,AV,0,0,0,20,2052.0458834028827,0.36508386405008597,0
46.833333333333336,431,AV,0,0,0,35,3622.6874844525555,-12.67318026269389,0
4.35,830,AV,0,0,0,2,1542.651524577443,4.3009860279258465,0
5.95,44,AV,0,0,0,5,1688.2795647579317,3.953618394759407,0
64.35,1405,AV,0,0,0,42,2499.0165917705585,-11.751220591712023,0
140.8,190,AV,0,0,0,75,855.3439260650443,-7.545044248953985,0
10.966666666666667,1115,AV,0,0,0,10,2880.6187392801003,1.7092931763084964,0
12.083333333333334,1913,AV,0,0,0,11,2114.145779101441,2.3389658162351656,0
149.11666666666667,146,AV,0,0,0,84,2990.7274197236434,-41.45492747268652,0
9.183333333333334,1175,AV,0,0,0,8,2733.947291532614,2.384713615217933,0
142.2,1980,AV,0,0,0,77,1366.8670464038164,-15.246718124856528,0
146.48333333333332,542,AV,0,0,0,81,1560.3081920190898,-18.808244270235726,0
122.36666666666666,1210,AV,0,0,0,64,2325.159740540518,-24.637713220570284,0
158.16666666666666,1851,AV,0,0,0,94,3900.388560267339,-59.26161013357127,0
94.66666666666667,812,AV,0,0,0,53,1047.8388564845293,-5.3328553903335525,0
10.8,555,AV,0,0,0,10,2243.037370414037,2.476582958284208,0
10.016666666666667,179,AV,0,0,0,8,1119.7286798424382,3.831671985094956,0
10.3,1472,AV,0,0,0,9,4295.304691284161,0.39149600830970144,0
150.23333333333332,1653,AV,0,0,0,85,2083.818815381773,-27.610317364325176,0
28.216666666666665,1865,AV,0,0,0,25,4836.961236178241,-9.216971133419726,0
11.566666666666666,323,AV,0,0,0,10,1774.6474289094224,2.861796326973717,0
7.966666666666667,828,AV,0,0,0,6,3511.9525057119426,2.0855671914404366,0
120.65,1609,AV,0,0,0,63,2734.0434561541233,-29.360660727603644,0
132.66666666666666,1064,AV,0,0,0,71,2307.757641303746,-26.89192851523926,0
138.1,1482,AV,0,0,0,74,2750.2832441246464,-34.56397041808476,0
121.5,541,AV,0,0,0,64,2977.9419864455635,-32.68957826595166,0
151.26666666666668,480,AV,0,0,0,85,3066.29376795346,-43.31542055198889,0
160.45,1266,AV,0,0,0,98,2203.0152281496776,-31.820186807980804,0
46.78333333333333,297,AV,0,0,0,35,1503.7752868716493,-2.3282938025151374,0
152.88333333333333,1787,AV,0,0,0,87,3007.260477108102,-42.89166728561218,0
152.96666666666667,171,AV,0,0,0,87,211.96936332870064,1.6224742766826137,0
46.083333333333336,1504,AV,0,0,0,35,2157.9736365262556,-5.359022751727599,0
134.75,979,AV,0,0,0,72,2942.9194812016794,-36.30816667624232,0
14.266666666666667,307,AV,0,0,0,13,1943.4752520126954,2.111779833814466,0
45.63333333333333,1506,AV,0,0,0,35,2880.937320094354,-8.694455525031843,0
138.18333333333334,1880,AV,0,0,0,74,3302.840639459677,-42.541409273889194,0
159.13333333333333,1643,AV,0,0,0,95,3044.0064731915,-45.45863507991743,0
100.8,483,AV,0,0,0,55,3059.2236271872493,-27.121848085466112,0
156.65,504,AV,0,0,0,91,3285.7293598584038,-48.61557335643948,0
155.71666666666667,1822,AV,0,0,0,90,3011.354249190099,-43.84562977462343,0
148.36666666666667,740,AV,0,0,0,82,2456.222446561379,-32.96057676959965,0
139.26666666666668,1847,AV,0,0,0,75,1420.2979801324104,-15.604183892337538,0
26.716666666666665,1501,AV,0,0,0,24,2515.3105978245226,-2.000074458876232,0
19.983333333333334,732,AV,0,0,0,18,3206.575328771828,-1.6747982972177464,0
30.083333333333332,1986,AV,0,0,0,26,3469.374605856661,-5.871911742311239,0
129.08333333333334,938,AV,0,0,0,68,1007.7833261290011,-8.550836564008879,0
55.63333333333333,925,AV,0,0,0,39,277.17696371453667,3.393720998473744,0
9.566666666666666,263,AV,0,0,0,8,2655.748694242467,2.3534726553903194,0
145.23333333333332,1005,AV,0,0,0,79,3181.0193534635264,-43.12396292722425,0
156.56666666666666,1644,AV,0,0,0,92,829.1112045857028,-8.52199766645502,0
27.35,1239,AV,0,0,0,24,1364.122436825675,1.1136720159185187,0
40.15,330,AV,0,0,0,32,2068.3041247817737,-3.650251105207106,0
92.5,416,AV,0,0,0,52,1827.6336773724652,-12.61001199551594,0
116.76666666666667,1589,AV,0,0,0,61,3424.1869525316115,-36.64905171777165,0
23.383333333333333,1624,AV,0,0,0,21,1314.7514651888598,1.797575858229218,0
151.65,1397,AV,0,0,0,85,1646.2365706547039,-21.00539332706103,0
123.48333333333333,1340,AV,0,0,0,65,1683.7285966730997,-16.657543702692703,0
140.21666666666667,713,AV,0,0,0,75,2273.3531482231524,-28.204375062502393,0
17.733333333333334,1234,AV,0,0,0,16,3152.8926797470335,-0.8240934223104928,0
149.05,1332,AV,0,0,0,83,1559.488757232944,-19.21268742349691,0
14.116666666666667,89,AV,0,0,0,13,2490.366810221342,1.3379501939974365,0
48.166666666666664,1167,AV,0,0,0,35,2616.698482018976,-8.128921203185486,0
83.8,646,AV,0,0,0,49,2930.778083398903,-20.583250353002928,0
88.85,1351,AV,0,0,0,51,2875.404754300472,-21.61247004370801,0
158.53333333333333,1705,AV,0,0,0,94,935.0538779661663,-10.44137584585794,0
154.95,552,AV,0,0,0,89,2777.2547802823915,-39.826627937995475,0
10.15,1702,AV,0,0,0,9,1900.5149023771246,2.9906014313408527,0
11.483333333333333,162,AV,0,0,0,10,3082.2086663116656,1.3131219251931636,0
134.26666666666668,909,AV,0,0,0,72,2156.1243055544874,-25.155794106852348,0
130.15,769,AV,0,0,0,69,3930.0597326863426,-48.280966063450784,0
72.21666666666667,1455,AV,0,0,0,45,4762.304166259984,-30.824763806257835,0
147.16666666666666,596,AV,0,0,0,81,3216.0322786646057,-44.30132816077858,0
142.06666666666666,316,AV,0,0,0,77,2262.8891805039534,-28.487616969818923,0
142.8,426,AV,0,0,0,77,2380.382202630407,-30.40818526412731,0
159.06666666666666,206,AV,0,0,0,95,908.9460692977759,-10.060731398225649,0
145.65,953,AV,0,0,0,80,4592.600971109279,-64.6783678585486,0
4.533333333333333,567,AV,0,0,0,3,2365.8100865808283,3.8828119035590536,0
35.93333333333333,1124,AV,0,0,0,30,3166.9934364613805,-6.85423237675475,0
7.05,54,AV,0,0,0,6,2946.874465478231,2.8358890644144243,0
128.7,1349,AV,0,0,0,68,451.12644166582277,-1.0479138585824366,0
20.266666666666666,425,AV,0,0,0,19,2768.59898088656,-0.844820070760516,0
4.183333333333334,1200,AV,0,0,0,3,3607.360952239891,3.4280423628260195,0
135.18333333333334,1777,AV,0,0,0,72,2366.2709163900513,-28.32087396326338,0
142.28333333333333,1854,AV,0,0,0,77,4636.251855187402,-63.714725846761894,0
86.83333333333333,87,AV,0,0,0,50,3097.788901958894,-23.019930866676802,0
147.91666666666666,1317,AV,0,0,0,82,3485.5345788077752,-48.705068380067715,0
131.68333333333334,829,AV,0,0,0,70,2418.7328654482662,-28.17779230886589,0
19.45,842,AV,0,0,0,18,1328.074910016845,2.309264895851288,0
6.05,802,AV,0,0,0,4,2866.5930640625966,3.193449162752218,0
142.56666666666666,1012,AV,0,0,0,77,4920.951270942494,-68.07954370076752,0
153.16666666666666,1908,AV,0,0,0,87,1958.692897087406,-26.250673132349412,0
91.88333333333334,547,AV,0,0,0,52,3232.1852988873434,-25.935829084663062,0
22.2,74,AV,0,0,0,20,3378.1273520899977,-2.811919501708119,0
53.45,1507,AV,0,0,0,38,2710.842355145204,-10.093179571094913,0
36.78333333333333,164,AV,0,0,0,30,836.8480222184623,1.7935354426455787,0
140.48333333333332,1009,AV,0,0,0,75,2551.9935855835606,-32.34505891125665,0
129.15,676,AV,0,0,0,68,973.8576343021573,-8.101428486471212,0
17.05,233,AV,0,0,0,15,2563.074516627899,0.4478728636973246,0
57.93333333333333,1134,AV,0,0,0,40,3279.6889332030814,-14.792011687176927,0
2.7666666666666666,801,AV,0,0,0,2,1199.8749945070952,4.654202692555247,0
53.36666666666667,1077,AV,0,0,0,38,3264.9262744170073,-13.149815851880657,0
41.983333333333334,209,AV,0,0,0,33,1242.454958830777,-0.43358340502556914,0
141.68333333333334,941,AV,0,0,0,76,2785.530477174893,-36.11075449038848,0
69.61666666666666,1331,AV,0,0,0,44,3431.1399855127793,-19.881721735220275,0
69.11666666666666,1894,AV,0,0,0,44,2788.8376377637815,-15.078662645497225,0
153.66666666666666,14,AV,0,0,0,88,1346.3948081301953,-16.55166689402847,0
77.81666666666666,127,AV,0,0,0,47,4171.181206851587,-28.811189331232747,0
155.08333333333334,783,AV,0,0,0,90,2029.8092478976482,-27.790581686957673,0
70.06666666666666,1345,AV,0,0,0,44,2322.679612268481,-11.952335225653982,0
161.63333333333333,534,AV,0,0,0,99,3658.429586120226,-56.596267580197825,0
19.816666666666666,1355,AV,0,0,0,18,4258.529998084976,-3.790611402296939,0
130.45,1725,AV,0,0,0,69,636.8936611875511,-3.654456052282919,0
16.283333333333335,1849,AV,0,0,0,15,3129.9193693663874,-0.30890837477597355,0
53.516666666666666,1346,AV,0,0,0,38,2030.7079288142604,-6.3204915962197745,0
125.65,712,AV,0,0,0,66,2488.07991202906,-27.565337598588684,0
91.01666666666667,1760,AV,0,0,0,52,2426.474348886259,-18.00516739456226,0
114.91666666666667,219,AV,0,0,0,60,4096.618840255058,-44.038518929789284,0
64.43333333333334,40,AV,0,0,0,42,1032.752347909684,-1.931632946213261,0
158.9,590,AV,0,0,0,95,1126.854759216344,-13.651793879112194,0
123.33333333333333,1774,AV,0,0,0,64,3746.893885778709,-43.1371783936848,0
94.98333333333333,1812,AV,0,0,0,53,1714.1330541432008,-11.959799089517535,0
155.4,1335,AV,0,0,0,89,3147.618010614287,-45.95206654681878,0
77.88333333333334,790,AV,0,0,0,47,1204.1042632635158,-4.7687139274833505,0
1.6666666666666667,456,AV,0,0,0,0,150.0652832409064,4.973946999437342,0
75.43333333333334,778,AV,0,0,0,46,3434.7663957445884,-21.9891540054514,0
17.933333333333334,4,Human,0,0,0,17,1217.9184780321336,-17.933333333333334,-0.5485709143268538
32.46666666666667,5,Human,0,0,0,28,1217.794042368138,-32.46666666666667,-0.5485709143268538
89.63333333333334,6,Human,0,0,0,52,603.8588595057583,-89.63333333333334,-0.5485709143268538
67.66666666666667,7,Human,0,0,0,44,4207.94780416324,-67.66666666666667,-0.5485709143268538
81.46666666666667,8,Human,0,0,0,49,2958.921941051478,-81.46666666666667,-0.5485709143268538
45.0,9,Human,0,0,0,35,3383.2966557865575,-45.0,-0.5485709143268538
87.28333333333333,12,Human,0,0,0,51,3994.4652425587387,-87.28333333333333,-0.5485709143268538
127.36666666666666,13,Human,0,0,0,68,1488.1790012609504,-127.36666666666666,-0.5485709143268538
44.71666666666667,15,Human,0,0,0,35,1353.9812460232658,-44.71666666666667,-0.5485709143268538
41.88333333333333,17,Human,0,0,0,34,2678.9020249268888,-41.88333333333333,-0.5485709143268538
120.05,18,Human,0,0,0,64,2345.9198728436313,-120.05,-0.5485709143268538
73.13333333333334,20,Human,0,0,0,46,2999.379672559044,-73.13333333333334,-0.5485709143268538
150.41666666666666,30,Human,0,0,0,85,2983.1060063706195,-150.41666666666666,-0.5485709143268538
58.416666666666664,32,Human,0,0,0,41,658.0768989017549,-58.416666666666664,-0.5485709143268538
127.75,35,Human,0,0,0,68,3859.124883463717,-127.75,-0.5485709143268538
78.81666666666666,36,Human,0,0,0,48,1872.478706741012,-78.81666666666666,-0.5485709143268538
45.1,37,Human,0,0,0,35,884.8662552499777,-45.1,-0.5485709143268538
47.016666666666666,38,Human,0,0,0,36,3283.684338385262,-47.016666666666666,-0.5485709143268538
112.08333333333333,39,Human,0,0,0,60,2375.432213686642,-112.08333333333333,-0.5485709143268538
51.7,42,Human,0,0,0,38,397.7814232143596,-51.7,-0.5485709143268538
92.6,43,Human,0,0,0,53,4545.407221942567,-92.6,-0.5485709143268538
92.75,47,Human,0,0,0,53,2662.0075094791573,-92.75,-0.5485709143268538
87.05,49,Human,0,0,0,51,1360.9195218491489,-87.05,-0.5485709143268538
112.15,51,Human,0,0,0,60,3688.3068915804306,-112.15,-0.5485709143268538
26.95,52,Human,0,0,0,25,4862.740873850242,-26.95,-0.5485709143268538
67.76666666666667,53,Human,0,0,0,44,4421.07662356981,-67.76666666666667,-0.5485709143268538
70.55,56,Human,0,0,0,45,824.8970959359631,-70.55,-0.5485709143268538
137.38333333333333,57,Human,0,0,0,74,1413.3854568463644,-137.38333333333333,-0.5485709143268538
23.333333333333332,60,Human,0,0,0,21,2189.06855605934,-23.333333333333332,-0.5485709143268538
89.06666666666666,62,Human,0,0,0,52,3972.8302831029578,-89.06666666666666,-0.5485709143268538
118.58333333333333,65,Human,0,0,0,63,2743.776145872236,-118.58333333333333,-0.5485709143268538
62.11666666666667,67,Human,0,0,0,42,3825.9897918656748,-62.11666666666667,-0.5485709143268538
120.36666666666666,68,Human,0,0,0,64,728.3250340292761,-120.36666666666666,-0.5485709143268538
36.31666666666667,71,Human,0,0,0,31,1426.0663998395582,-36.31666666666667,-0.5485709143268538
42.666666666666664,72,Human,0,0,0,34,76.01954878934066,-42.666666666666664,-0.5485709143268538
89.71666666666667,77,Human,0,0,0,52,724.680776199672,-89.71666666666667,-0.5485709143268538
67.03333333333333,79,Human,0,0,0,44,996.6905858887376,-67.03333333333333,-0.5485709143268538
104.7,80,Human,0,0,0,57,4187.077263325321,-104.7,-0.5485709143268538
50.95,81,Human,0,0,0,38,3042.9070933549647,-50.95,-0.5485709143268538
64.66666666666667,83,Human,0,0,0,43,646.6611791339778,-64.66666666666667,-0.5485709143268538
35.016666666666666,84,Human,0,0,0,30,1897.280060813614,-35.016666666666666,-0.5485709143268538
107.35,85,Human,0,0,0,58,1952.007031014498,-107.35,-0.5485709143268538
62.38333333333333,86,Human,0,0,0,42,3476.739992968169,-62.38333333333333,-0.5485709143268538
107.7,88,Human,0,0,0,58,4360.7349243250355,-107.7,-0.5485709143268538
79.31666666666666,91,Human,0,0,0,48,3405.416810119091,-79.31666666666666,-0.5485709143268538
63.05,92,Human,0,0,0,42,3619.2529110573996,-63.05,-0.5485709143268538
22.516666666666666,94,Human,0,0,0,21,3668.0040090426605,-22.516666666666666,-0.5485709143268538
27.033333333333335,95,Human,0,0,0,25,2567.6540793537124,-27.033333333333335,-0.5485709143268538
30.5,96,Human,0,0,0,27,2671.607389835288,-30.5,-0.5485709143268538
101.21666666666667,98,Human,0,0,0,56,308.35754258386714,-101.21666666666667,-0.5485709143268538
42.05,99,Human,0,0,0,34,948.7274253621383,-42.05,-0.5485709143268538
131.81666666666666,101,Human,0,0,0,71,3093.345330701407,-131.81666666666666,-0.5485709143268538
116.26666666666667,103,Human,0,0,0,62,2620.6597292815013,-116.26666666666667,-0.5485709143268538
73.25,105,Human,0,0,0,46,1648.6685281007499,-73.25,-0.5485709143268538
67.95,107,Human,0,0,0,44,3594.649250102835,-67.95,-0.5485709143268538
120.13333333333334,108,Human,0,0,0,64,1560.9849163900667,-120.13333333333334,-0.5485709143268538
22.616666666666667,109,Human,0,0,0,21,745.6773152754306,-22.616666666666667,-0.5485709143268538
104.86666666666666,110,Human,0,0,0,57,1813.9112671427001,-104.86666666666666,-0.5485709143268538
92.05,111,Human,0,0,0,53,1244.556217225412,-92.05,-0.5485709143268538
56.36666666666667,112,Human,0,0,0,40,4748.433420059964,-56.36666666666667,-0.5485709143268538
58.583333333333336,115,Human,0,0,0,41,4244.635209536916,-58.583333333333336,-0.5485709143268538
92.95,116,Human,0,0,0,53,3833.813728428935,-92.95,-0.5485709143268538
84.31666666666666,117,Human,0,0,0,50,1369.0976789895788,-84.31666666666666,-0.5485709143268538
73.03333333333333,119,Human,0,0,0,46,2731.6168002827644,-73.03333333333333,-0.5485709143268538
90.08333333333333,121,Human,0,0,0,52,4431.397872225123,-90.08333333333333,-0.5485709143268538
133.46666666666667,123,Human,0,0,0,72,961.8720922733639,-133.46666666666667,-0.5485709143268538
98.95,125,Human,0,0,0,55,2328.4989760381936,-98.95,-0.5485709143268538
54.3,128,Human,0,0,0,39,94.72393641368853,-54.3,-0.5485709143268538
40.5,135,Human,0,0,0,33,1944.420397964121,-40.5,-0.5485709143268538
99.03333333333333,136,Human,0,0,0,55,2657.4080976723017,-99.03333333333333,-0.5485709143268538
147.4,138,Human,0,0,0,83,2096.8006673289856,-147.4,-0.5485709143268538
159.7,139,Human,0,0,0,98,5393.404746625933,-159.7,-0.5485709143268538
101.41666666666667,140,Human,0,0,0,56,5203.279481596408,-101.41666666666667,-0.5485709143268538
40.95,141,Human,0,0,0,33,1659.1209325442514,-40.95,-0.5485709143268538
15.033333333333333,142,Human,0,0,0,14,2580.0313943386755,-15.033333333333333,-0.5485709143268538
46.7,144,Human,0,0,0,36,1794.3310675858518,-46.7,-0.5485709143268538
64.56666666666666,145,Human,0,0,0,43,421.40281393933583,-64.56666666666666,-0.5485709143268538
74.98333333333333,147,Human,0,0,0,47,2599.509008499234,-74.98333333333333,-0.5485709143268538
89.9,149,Human,0,0,0,52,1769.4620621753406,-89.9,-0.5485709143268538
23.75,152,Human,0,0,0,22,1159.5589381828286,-23.75,-0.5485709143268538
59.21666666666667,153,Human,0,0,0,41,2552.0931644972716,-59.21666666666667,-0.5485709143268538
82.01666666666667,154,Human,0,0,0,49,5810.210365742447,-82.01666666666667,-0.5485709143268538
59.3,158,Human,0,0,0,41,1599.1805830274338,-59.3,-0.5485709143268538
35.18333333333333,159,Human,0,0,0,30,3470.5971437524977,-35.18333333333333,-0.5485709143268538
49.25,161,Human,0,0,0,37,3077.4869302317766,-49.25,-0.5485709143268538
47.166666666666664,163,Human,0,0,0,36,2718.699290931224,-47.166666666666664,-0.5485709143268538
42.25,165,Human,0,0,0,34,4011.3794602696726,-42.25,-0.5485709143268538
100.9,167,Human,0,0,0,56,1368.8524415279983,-100.9,-0.5485709143268538
75.6,168,Human,0,0,0,47,457.1700771016167,-75.6,-0.5485709143268538
81.76666666666667,169,Human,0,0,0,49,2920.715883331831,-81.76666666666667,-0.5485709143268538
53.68333333333333,170,Human,0,0,0,39,3256.445573562818,-53.68333333333333,-0.5485709143268538
34.21666666666667,173,Human,0,0,0,29,1550.9363568044776,-34.21666666666667,-0.5485709143268538
90.13333333333334,175,Human,0,0,0,52,1310.1644364268154,-90.13333333333334,-0.5485709143268538
131.93333333333334,180,Human,0,0,0,71,2012.3671552006494,-131.93333333333334,-0.5485709143268538
127.93333333333334,183,Human,0,0,0,68,4286.715071161107,-127.93333333333334,-0.5485709143268538
104.63333333333334,184,Human,0,0,0,57,1684.8025758884469,-104.63333333333334,-0.5485709143268538
138.53333333333333,185,Human,0,0,0,75,3185.788218096743,-138.53333333333333,-0.5485709143268538
92.33333333333333,186,Human,0,0,0,53,3907.463696205298,-92.33333333333333,-0.5485709143268538
75.33333333333333,191,Human,0,0,0,47,4440.657536221119,-75.33333333333333,-0.5485709143268538
137.31666666666666,193,Human,0,0,0,74,3080.5558082858515,-137.31666666666666,-0.5485709143268538
81.86666666666666,198,Human,0,0,0,49,4359.7591388045885,-81.86666666666666,-0.5485709143268538
135.78333333333333,201,Human,0,0,0,73,795.5049914048914,-135.78333333333333,-0.5485709143268538
111.5,203,Human,0,0,0,60,4451.776524994022,-111.5,-0.5485709143268538
15.7,204,Human,0,0,0,15,2978.9004238629373,-15.7,-0.5485709143268538
34.31666666666667,207,Human,0,0,0,29,3199.8001464932654,-34.31666666666667,-0.5485709143268538
67.23333333333333,214,Human,0,0,0,44,3400.843697307595,-67.23333333333333,-0.5485709143268538
124.83333333333333,215,Human,0,0,0,66,1597.5144237672866,-124.83333333333333,-0.5485709143268538
133.53333333333333,217,Human,0,0,0,72,3552.7414591910883,-133.53333333333333,-0.5485709143268538
75.5,218,Human,0,0,0,47,3144.8964316765223,-75.5,-0.5485709143268538
73.4,220,Human,0,0,0,46,3176.377073776645,-73.4,-0.5485709143268538
95.58333333333333,221,Human,0,0,0,54,2837.22591456075,-95.58333333333333,-0.5485709143268538
90.2,222,Human,0,0,0,52,859.0744254623169,-90.2,-0.5485709143268538
37.13333333333333,223,Human,0,0,0,31,2111.948164086324,-37.13333333333333,-0.5485709143268538
92.26666666666667,225,Human,0,0,0,53,1626.270822689336,-92.26666666666667,-0.5485709143268538
156.51666666666668,226,Human,0,0,0,91,5422.197378427305,-156.51666666666668,-0.5485709143268538
145.7,227,Human,0,0,0,81,2205.220797830438,-145.7,-0.5485709143268538
70.2,229,Human,0,0,0,45,3072.989174090719,-70.2,-0.5485709143268538
98.45,232,Human,0,0,0,55,2868.864024691533,-98.45,-0.5485709143268538
59.68333333333333,239,Human,0,0,0,41,1323.574547593485,-59.68333333333333,-0.5485709143268538
78.95,241,Human,0,0,0,48,5061.168028174417,-78.95,-0.5485709143268538
21.0,242,Human,0,0,0,20,4596.895952971061,-21.0,-0.5485709143268538
31.833333333333332,245,Human,0,0,0,28,4733.362479046914,-31.833333333333332,-0.5485709143268538
37.21666666666667,246,Human,0,0,0,31,2332.377317941381,-37.21666666666667,-0.5485709143268538
144.76666666666668,247,Human,0,0,0,80,5283.477691308253,-144.76666666666668,-0.5485709143268538
160.55,248,Human,0,0,0,98,5224.856594632109,-160.55,-0.5485709143268538
35.36666666666667,249,Human,0,0,0,30,4120.709414088189,-35.36666666666667,-0.5485709143268538
65.76666666666667,250,Human,0,0,0,43,1832.5313461574824,-65.76666666666667,-0.5485709143268538
143.35,252,Human,0,0,0,78,4108.741041126501,-143.35,-0.5485709143268538
40.86666666666667,253,Human,0,0,0,33,1920.2635396126152,-40.86666666666667,-0.5485709143268538
70.71666666666667,254,Human,0,0,0,45,1286.1109197271699,-70.71666666666667,-0.5485709143268538
116.91666666666667,255,Human,0,0,0,62,2795.0999925278197,-116.91666666666667,-0.5485709143268538
105.98333333333333,256,Human,0,0,0,57,4822.213199100368,-105.98333333333333,-0.5485709143268538
76.2,258,Human,0,0,0,47,2843.664262266426,-76.2,-0.5485709143268538
104.98333333333333,264,Human,0,0,0,57,4286.960495904834,-104.98333333333333,-0.5485709143268538
124.11666666666666,265,Human,0,0,0,66,3526.6887956896376,-124.11666666666666,-0.5485709143268538
83.96666666666667,268,Human,0,0,0,50,2081.4174469770683,-83.96666666666667,-0.5485709143268538
83.71666666666667,269,Human,0,0,0,50,1829.141858518727,-83.71666666666667,-0.5485709143268538
79.43333333333334,272,Human,0,0,0,48,4214.097414832992,-79.43333333333334,-0.5485709143268538
101.68333333333334,275,Human,0,0,0,56,2595.33735483802,-101.68333333333334,-0.5485709143268538
48.4,276,Human,0,0,0,37,3805.46626938301,-48.4,-0.5485709143268538
129.45,278,Human,0,0,0,69,3357.428701279823,-129.45,-0.5485709143268538
95.76666666666667,279,Human,0,0,0,54,3792.4307655785524,-95.76666666666667,-0.5485709143268538
105.3,283,Human,0,0,0,57,861.0735735690912,-105.3,-0.5485709143268538
36.55,284,Human,0,0,0,31,2873.9447533180223,-36.55,-0.5485709143268538
62.46666666666667,285,Human,0,0,0,42,412.5321998803943,-62.46666666666667,-0.5485709143268538
97.13333333333334,286,Human,0,0,0,54,2466.673930799458,-97.13333333333334,-0.5485709143268538
84.1,287,Human,0,0,0,50,2743.589500616182,-84.1,-0.5485709143268538
70.46666666666667,288,Human,0,0,0,45,1801.1255096635987,-70.46666666666667,-0.5485709143268538
78.53333333333333,289,Human,0,0,0,48,2920.4936367699675,-78.53333333333333,-0.5485709143268538
70.88333333333334,290,Human,0,0,0,45,359.94783290716623,-70.88333333333334,-0.5485709143268538
89.3,291,Human,0,0,0,52,425.7076452607639,-89.3,-0.5485709143268538
137.61666666666667,292,Human,0,0,0,74,3937.654101327571,-137.61666666666667,-0.5485709143268538
8.383333333333333,293,Human,0,0,0,7,2084.02060229065,-8.383333333333333,-0.5485709143268538
73.73333333333333,294,Human,0,0,0,46,1061.4953888054833,-73.73333333333333,-0.5485709143268538
143.28333333333333,300,Human,0,0,0,78,551.76415425302,-143.28333333333333,-0.5485709143268538
26.25,301,Human,0,0,0,24,2702.71740379474,-26.25,-0.5485709143268538
120.45,302,Human,0,0,0,64,2736.3022871577523,-120.45,-0.5485709143268538
79.58333333333333,304,Human,0,0,0,48,3461.2362050234033,-79.58333333333333,-0.5485709143268538
38.85,305,Human,0,0,0,32,5493.25837494384,-38.85,-0.5485709143268538
68.28333333333333,306,Human,0,0,0,44,2648.4458180391484,-68.28333333333333,-0.5485709143268538
109.11666666666666,308,Human,0,0,0,59,3789.2863321718055,-109.11666666666666,-0.5485709143268538
143.9,312,Human,0,0,0,79,307.6453781901723,-143.9,-0.5485709143268538
105.48333333333333,313,Human,0,0,0,57,5206.94040686102,-105.48333333333333,-0.5485709143268538
70.98333333333333,315,Human,0,0,0,45,3332.2852532198317,-70.98333333333333,-0.5485709143268538
51.8,317,Human,0,0,0,38,1304.8995635761776,-51.8,-0.5485709143268538
129.53333333333333,322,Human,0,0,0,69,3186.6362503547107,-129.53333333333333,-0.5485709143268538
25.433333333333334,326,Human,0,0,0,23,2786.1723303797307,-25.433333333333334,-0.5485709143268538
79.75,327,Human,0,0,0,48,2998.8796155518535,-79.75,-0.5485709143268538
35.3,328,Human,0,0,0,30,2301.413740535649,-35.3,-0.5485709143268538
112.4,331,Human,0,0,0,60,3605.40086890583,-112.4,-0.5485709143268538
51.1,336,Human,0,0,0,38,4136.531464147211,-51.1,-0.5485709143268538
111.56666666666666,339,Human,0,0,0,60,885.9017636225512,-111.56666666666666,-0.5485709143268538
99.28333333333333,341,Human,0,0,0,55,2494.86669226829,-99.28333333333333,-0.5485709143268538
100.95,343,Human,0,0,0,56,2352.7806139106324,-100.95,-0.5485709143268538
57.03333333333333,346,Human,0,0,0,40,3088.2507700306423,-57.03333333333333,-0.5485709143268538
109.56666666666666,347,Human,0,0,0,59,497.41836553910434,-109.56666666666666,-0.5485709143268538
118.66666666666667,353,Human,0,0,0,63,1253.241206613807,-118.66666666666667,-0.5485709143268538
93.03333333333333,356,Human,0,0,0,53,319.6655276718325,-93.03333333333333,-0.5485709143268538
44.833333333333336,358,Human,0,0,0,35,4871.836972261341,-44.833333333333336,-0.5485709143268538
75.9,359,Human,0,0,0,47,2863.5904501989407,-75.9,-0.5485709143268538
101.05,361,Human,0,0,0,56,3120.0688240734275,-101.05,-0.5485709143268538
123.96666666666667,362,Human,0,0,0,66,2440.363546590003,-123.96666666666667,-0.5485709143268538
76.06666666666666,364,Human,0,0,0,47,4887.393745210862,-76.06666666666666,-0.5485709143268538
137.13333333333333,365,Human,0,0,0,74,2179.6442727106883,-137.13333333333333,-0.5485709143268538
49.46666666666667,366,Human,0,0,0,37,5180.760360135124,-49.46666666666667,-0.5485709143268538
92.43333333333334,368,Human,0,0,0,53,1412.4928826477526,-92.43333333333334,-0.5485709143268538
120.7,369,Human,0,0,0,64,690.4405095559691,-120.7,-0.5485709143268538
84.18333333333334,370,Human,0,0,0,50,904.5812417782447,-84.18333333333334,-0.5485709143268538
133.88333333333333,371,Human,0,0,0,72,230.51796394105168,-133.88333333333333,-0.5485709143268538
120.81666666666666,373,Human,0,0,0,64,3278.6564342363677,-120.81666666666666,-0.5485709143268538
109.5,374,Human,0,0,0,59,703.9117687351031,-109.5,-0.5485709143268538
154.18333333333334,375,Human,0,0,0,88,1928.1781672238194,-154.18333333333334,-0.5485709143268538
73.9,376,Human,0,0,0,46,4069.4503068998756,-73.9,-0.5485709143268538
140.63333333333333,378,Human,0,0,0,76,3892.2248980932145,-140.63333333333333,-0.5485709143268538
61.45,379,Human,0,0,0,42,1782.36804944621,-61.45,-0.5485709143268538
88.0,380,Human,0,0,0,51,1010.2110335778118,-88.0,-0.5485709143268538
132.2,381,Human,0,0,0,71,3335.4732933383457,-132.2,-0.5485709143268538
24.883333333333333,382,Human,0,0,0,23,3064.5417690867425,-24.883333333333333,-0.5485709143268538
33.55,383,Human,0,0,0,29,4287.680931232648,-33.55,-0.5485709143268538
46.916666666666664,385,Human,0,0,0,36,3832.797839578977,-46.916666666666664,-0.5485709143268538
104.8,386,Human,0,0,0,57,1783.089738867371,-104.8,-0.5485709143268538
107.55,387,Human,0,0,0,58,1325.1752712841087,-107.55,-0.5485709143268538
96.1,388,Human,0,0,0,54,3571.7111185959166,-96.1,-0.5485709143268538
29.233333333333334,389,Human,0,0,0,26,3850.7121446676665,-29.233333333333334,-0.5485709143268538
12.0,390,Human,0,0,0,11,6045.896169007514,-12.0,-0.5485709143268538
61.6,392,Human,0,0,0,42,2127.854051500061,-61.6,-0.5485709143268538
105.15,393,Human,0,0,0,57,3694.589948736447,-105.15,-0.5485709143268538
90.38333333333334,395,Human,0,0,0,52,4760.16983901424,-90.38333333333334,-0.5485709143268538
116.53333333333333,396,Human,0,0,0,62,4155.832821389253,-116.53333333333333,-0.5485709143268538
107.95,398,Human,0,0,0,58,3572.8959598858396,-107.95,-0.5485709143268538
51.4,399,Human,0,0,0,38,3589.943429721381,-51.4,-0.5485709143268538
107.78333333333333,404,Human,0,0,0,58,1932.3108826435296,-107.78333333333333,-0.5485709143268538
79.05,406,Human,0,0,0,48,2190.9865196617775,-79.05,-0.5485709143268538
16.55,408,Human,0,0,0,16,4510.244352155477,-16.55,-0.5485709143268538
27.266666666666666,410,Human,0,0,0,25,1929.479309882097,-27.266666666666666,-0.5485709143268538
93.2,415,Human,0,0,0,53,2405.203324367875,-93.2,-0.5485709143268538
79.15,418,Human,0,0,0,48,3236.0001164862206,-79.15,-0.5485709143268538
27.916666666666668,423,Human,0,0,0,25,2569.893045805578,-27.916666666666668,-0.5485709143268538
29.166666666666668,428,Human,0,0,0,26,2049.395991452497,-29.166666666666668,-0.5485709143268538
76.26666666666667,432,Human,0,0,0,47,3023.5328129981617,-76.26666666666667,-0.5485709143268538
53.766666666666666,435,Human,0,0,0,39,3353.2258992039087,-53.766666666666666,-0.5485709143268538
58.96666666666667,436,Human,0,0,0,41,715.4028928660935,-58.96666666666667,-0.5485709143268538
39.083333333333336,437,Human,0,0,0,32,3933.462982704101,-39.083333333333336,-0.5485709143268538
54.35,438,Human,0,0,0,39,3375.514772182457,-54.35,-0.5485709143268538
105.06666666666666,439,Human,0,0,0,57,776.3068642852475,-105.06666666666666,-0.5485709143268538
73.66666666666667,440,Human,0,0,0,46,800.2607707337681,-73.66666666666667,-0.5485709143268538
101.93333333333334,442,Human,0,0,0,56,2136.165727870098,-101.93333333333334,-0.5485709143268538
28.15,445,Human,0,0,0,25,4963.93545586843,-28.15,-0.5485709143268538
126.06666666666666,446,Human,0,0,0,67,5824.693732807074,-126.06666666666666,-0.5485709143268538
67.43333333333334,447,Human,0,0,0,44,3584.520854423701,-67.43333333333334,-0.5485709143268538
101.83333333333333,449,Human,0,0,0,56,791.1328573925512,-101.83333333333333,-0.5485709143268538
76.76666666666667,450,Human,0,0,0,47,3698.201751560283,-76.76666666666667,-0.5485709143268538
99.2,451,Human,0,0,0,55,2800.953499137641,-99.2,-0.5485709143268538
149.35,453,Human,0,0,0,84,4518.82327321278,-149.35,-0.5485709143268538
87.71666666666667,454,Human,0,0,0,51,968.794084005883,-87.71666666666667,-0.5485709143268538
90.46666666666667,455,Human,0,0,0,52,2563.459415552624,-90.46666666666667,-0.5485709143268538
45.35,457,Human,0,0,0,35,2477.64081392249,-45.35,-0.5485709143268538
81.95,459,Human,0,0,0,49,1014.0352047990498,-81.95,-0.5485709143268538
16.0,463,Human,0,0,0,15,2892.7682416901425,-16.0,-0.5485709143268538
61.93333333333333,465,Human,0,0,0,42,2138.3768184108894,-61.93333333333333,-0.5485709143268538
146.96666666666667,467,Human,0,0,0,82,4224.64137847873,-146.96666666666667,-0.5485709143268538
92.66666666666667,473,Human,0,0,0,53,4391.498719491318,-92.66666666666667,-0.5485709143268538
111.8,474,Human,0,0,0,60,2689.5245414077012,-111.8,-0.5485709143268538
67.61666666666666,475,Human,0,0,0,44,6209.517455690859,-67.61666666666666,-0.5485709143268538
35.45,477,Human,0,0,0,30,2784.350383392062,-35.45,-0.5485709143268538
84.38333333333334,478,Human,0,0,0,50,5338.339361749047,-84.38333333333334,-0.5485709143268538
157.13333333333333,479,Human,0,0,0,93,2672.9228818061324,-157.13333333333333,-0.5485709143268538
76.56666666666666,485,Human,0,0,0,47,4473.720495680832,-76.56666666666666,-0.5485709143268538
48.78333333333333,486,Human,0,0,0,37,498.6603917779487,-48.78333333333333,-0.5485709143268538
105.25,487,Human,0,0,0,57,1778.7868608182014,-105.25,-0.5485709143268538
44.9,488,Human,0,0,0,35,5008.662005590417,-44.9,-0.5485709143268538
128.01666666666668,490,Human,0,0,0,68,2431.0601601182543,-128.01666666666668,-0.5485709143268538
105.56666666666666,493,Human,0,0,0,57,1376.4628324942075,-105.56666666666666,-0.5485709143268538
68.45,497,Human,0,0,0,44,751.0207819336201,-68.45,-0.5485709143268538
133.7,500,Human,0,0,0,72,3341.4359293074713,-133.7,-0.5485709143268538
25.883333333333333,503,Human,0,0,0,24,3888.5198476995747,-25.883333333333333,-0.5485709143268538
56.516666666666666,505,Human,0,0,0,40,1251.634821135981,-56.516666666666666,-0.5485709143268538
155.95,506,Human,0,0,0,90,4560.080888427765,-155.95,-0.5485709143268538
105.9,507,Human,0,0,0,57,3937.2952944485605,-105.9,-0.5485709143268538
55.9,508,Human,0,0,0,40,4999.839355202992,-55.9,-0.5485709143268538
105.81666666666666,509,Human,0,0,0,57,3459.602122602907,-105.81666666666666,-0.5485709143268538
24.25,510,Human,0,0,0,23,3005.2957302519626,-24.25,-0.5485709143268538
71.5,511,Human,0,0,0,45,2296.511408520047,-71.5,-0.5485709143268538
99.36666666666666,515,Human,0,0,0,55,318.1782368683271,-99.36666666666666,-0.5485709143268538
120.28333333333333,518,Human,0,0,0,64,5880.156070769045,-120.28333333333333,-0.5485709143268538
142.0,519,Human,0,0,0,77,1188.777653222762,-142.0,-0.5485709143268538
41.03333333333333,520,Human,0,0,0,33,2932.7867149445233,-41.03333333333333,-0.5485709143268538
135.33333333333334,524,Human,0,0,0,73,4029.489380826991,-135.33333333333334,-0.5485709143268538
62.05,525,Human,0,0,0,42,2477.757248758329,-62.05,-0.5485709143268538
89.81666666666666,527,Human,0,0,0,52,1748.2682808379586,-89.81666666666666,-0.5485709143268538
95.51666666666667,528,Human,0,0,0,54,590.1839647474314,-95.51666666666667,-0.5485709143268538
141.0,529,Human,0,0,0,76,4198.032530488544,-141.0,-0.5485709143268538
42.75,531,Human,0,0,0,34,7691.878611178356,-42.75,-0.5485709143268538
62.28333333333333,532,Human,0,0,0,42,6589.450242170897,-62.28333333333333,-0.5485709143268538
129.26666666666668,537,Human,0,0,0,69,1640.4789720815015,-129.26666666666668,-0.5485709143268538
21.816666666666666,540,Human,0,0,0,21,5063.053430337865,-21.816666666666666,-0.5485709143268538
76.86666666666666,543,Human,0,0,0,47,3232.6995327722398,-76.86666666666666,-0.5485709143268538
76.95,545,Human,0,0,0,47,2076.4701982841602,-76.95,-0.5485709143268538
92.81666666666666,546,Human,0,0,0,53,982.9531519083896,-92.81666666666666,-0.5485709143268538
114.6,549,Human,0,0,0,61,3674.566067182038,-114.6,-0.5485709143268538
79.91666666666667,554,Human,0,0,0,48,4281.734088107463,-79.91666666666667,-0.5485709143268538
48.93333333333333,556,Human,0,0,0,37,1100.4474823158848,-48.93333333333333,-0.5485709143268538
45.5,559,Human,0,0,0,35,3031.4985447580684,-45.5,-0.5485709143268538
79.66666666666667,560,Human,0,0,0,48,3366.351149528339,-79.66666666666667,-0.5485709143268538
98.5,561,Human,0,0,0,55,1490.986762726753,-98.5,-0.5485709143268538
49.38333333333333,563,Human,0,0,0,37,188.2723076798361,-49.38333333333333,-0.5485709143268538
122.58333333333333,564,Human,0,0,0,65,2048.169363452612,-122.58333333333333,-0.5485709143268538
76.35,566,Human,0,0,0,47,2202.1041779490292,-76.35,-0.5485709143268538
93.55,569,Human,0,0,0,53,2039.4246472841505,-93.55,-0.5485709143268538
96.16666666666667,572,Human,0,0,0,54,2217.7852643609504,-96.16666666666667,-0.5485709143268538
93.13333333333334,574,Human,0,0,0,53,4182.101506581132,-93.13333333333334,-0.5485709143268538
130.9,577,Human,0,0,0,70,4714.759908963126,-130.9,-0.5485709143268538
72.05,578,Human,0,0,0,45,2561.636157930052,-72.05,-0.5485709143268538
101.13333333333334,579,Human,0,0,0,56,1686.0587494878541,-101.13333333333334,-0.5485709143268538
71.13333333333334,582,Human,0,0,0,45,2563.434294446939,-71.13333333333334,-0.5485709143268538
148.11666666666667,585,Human,0,0,0,83,1609.9115810497588,-148.11666666666667,-0.5485709143268538
34.9,586,Human,0,0,0,30,737.7308407881842,-34.9,-0.5485709143268538
93.61666666666666,588,Human,0,0,0,53,1067.0727373924624,-93.61666666666666,-0.5485709143268538
145.01666666666668,592,Human,0,0,0,80,1346.6600286733242,-145.01666666666668,-0.5485709143268538
24.616666666666667,593,Human,0,0,0,22,2029.701280923905,-24.616666666666667,-0.5485709143268538
118.43333333333334,597,Human,0,0,0,63,1300.1014717839862,-118.43333333333334,-0.5485709143268538
95.7,598,Human,0,0,0,54,1396.1205847422818,-95.7,-0.5485709143268538
20.683333333333334,599,Human,0,0,0,20,458.0157293646664,-20.683333333333334,-0.5485709143268538
108.1,600,Human,0,0,0,58,1283.3386433008216,-108.1,-0.5485709143268538
108.31666666666666,609,Human,0,0,0,58,3309.0843853773017,-108.31666666666666,-0.5485709143268538
30.016666666666666,612,Human,0,0,0,26,3060.5375964711025,-30.016666666666666,-0.5485709143268538
47.25,614,Human,0,0,0,36,4259.636528601595,-47.25,-0.5485709143268538
115.46666666666667,616,Human,0,0,0,61,627.4579480886573,-115.46666666666667,-0.5485709143268538
95.93333333333334,617,Human,0,0,0,54,1762.3235578130361,-95.93333333333334,-0.5485709143268538
53.833333333333336,623,Human,0,0,0,39,2534.435875273737,-53.833333333333336,-0.5485709143268538
59.45,625,Human,0,0,0,41,2116.380970778295,-59.45,-0.5485709143268538
64.8,626,Human,0,0,0,43,2455.7028369727886,-64.8,-0.5485709143268538
134.05,627,Human,0,0,0,72,3557.2325123512546,-134.05,-0.5485709143268538
38.93333333333333,628,Human,0,0,0,32,419.4957749911887,-38.93333333333333,-0.5485709143268538
140.41666666666666,630,Human,0,0,0,76,3405.8670310571415,-140.41666666666666,-0.5485709143268538
18.083333333333332,633,Human,0,0,0,17,2705.459557057773,-18.083333333333332,-0.5485709143268538
70.63333333333334,635,Human,0,0,0,45,2401.4966797609595,-70.63333333333334,-0.5485709143268538
74.0,636,Human,0,0,0,46,2707.280372641616,-74.0,-0.5485709143268538
36.71666666666667,637,Human,0,0,0,31,1619.8182526202909,-36.71666666666667,-0.5485709143268538
109.9,638,Human,0,0,0,59,1731.3177188071566,-109.9,-0.5485709143268538
108.78333333333333,639,Human,0,0,0,58,2147.26655906908,-108.78333333333333,-0.5485709143268538
27.6,640,Human,0,0,0,25,251.10124189765838,-27.6,-0.5485709143268538
114.83333333333333,641,Human,0,0,0,61,1940.109069075176,-114.83333333333333,-0.5485709143268538
76.43333333333334,645,Human,0,0,0,47,4386.62593100359,-76.43333333333334,-0.5485709143268538
145.08333333333334,650,Human,0,0,0,80,814.3547805894118,-145.08333333333334,-0.5485709143268538
77.2,651,Human,0,0,0,47,2723.5197689443667,-77.2,-0.5485709143268538
109.8,654,Human,0,0,0,59,2344.892366670458,-109.8,-0.5485709143268538
45.25,656,Human,0,0,0,35,1790.0707186768827,-45.25,-0.5485709143268538
68.01666666666667,659,Human,0,0,0,44,2846.3005961220306,-68.01666666666667,-0.5485709143268538
42.9,662,Human,0,0,0,34,2976.4362492247596,-42.9,-0.5485709143268538
80.11666666666666,664,Human,0,0,0,48,910.8985490308833,-80.11666666666666,-0.5485709143268538
22.85,665,Human,0,0,0,21,1201.5426958413493,-22.85,-0.5485709143268538
60.18333333333333,668,Human,0,0,0,41,1369.083241863483,-60.18333333333333,-0.5485709143268538
8.3,669,Human,0,0,0,7,1795.349397484792,-8.3,-0.5485709143268538
118.73333333333333,670,Human,0,0,0,63,1305.289369099162,-118.73333333333333,-0.5485709143268538
96.63333333333334,671,Human,0,0,0,54,4436.940277690293,-96.63333333333334,-0.5485709143268538
51.983333333333334,672,Human,0,0,0,38,768.5580571251749,-51.983333333333334,-0.5485709143268538
32.65,673,Human,0,0,0,28,2678.0184811589497,-32.65,-0.5485709143268538
98.68333333333334,675,Human,0,0,0,55,5688.005518849661,-98.68333333333334,-0.5485709143268538
105.73333333333333,677,Human,0,0,0,57,2222.5679835342953,-105.73333333333333,-0.5485709143268538
102.25,678,Human,0,0,0,56,5341.948863543187,-102.25,-0.5485709143268538
76.68333333333334,679,Human,0,0,0,47,4203.37558333256,-76.68333333333334,-0.5485709143268538
118.85,680,Human,0,0,0,63,3906.6291557441273,-118.85,-0.5485709143268538
112.65,681,Human,0,0,0,60,1684.6415480339112,-112.65,-0.5485709143268538
130.75,682,Human,0,0,0,70,1293.0266710281473,-130.75,-0.5485709143268538
62.6,684,Human,0,0,0,42,4744.897932359772,-62.6,-0.5485709143268538
62.55,685,Human,0,0,0,42,2794.959937159298,-62.55,-0.5485709143268538
137.73333333333332,687,Human,0,0,0,74,1774.829309042071,-137.73333333333332,-0.5485709143268538
63.416666666666664,688,Human,0,0,0,42,3660.8698439052337,-63.416666666666664,-0.5485709143268538
62.833333333333336,689,Human,0,0,0,42,1371.349803409533,-62.833333333333336,-0.5485709143268538
12.866666666666667,693,Human,0,0,0,12,1619.559787579564,-12.866666666666667,-0.5485709143268538
47.11666666666667,694,Human,0,0,0,36,990.5714877561454,-47.11666666666667,-0.5485709143268538
47.38333333333333,695,Human,0,0,0,36,2994.716640521282,-47.38333333333333,-0.5485709143268538
11.316666666666666,696,Human,0,0,0,11,1809.4525978328738,-11.316666666666666,-0.5485709143268538
40.63333333333333,697,Human,0,0,0,33,2884.87972338058,-40.63333333333333,-0.5485709143268538
43.016666666666666,698,Human,0,0,0,34,1209.3549547370471,-43.016666666666666,-0.5485709143268538
128.16666666666666,700,Human,0,0,0,68,2707.179764659954,-128.16666666666666,-0.5485709143268538
39.45,702,Human,0,0,0,32,1995.493774683234,-39.45,-0.5485709143268538
82.2,703,Human,0,0,0,49,1102.6560709429482,-82.2,-0.5485709143268538
41.2,705,Human,0,0,0,33,6014.776701670815,-41.2,-0.5485709143268538
42.166666666666664,706,Human,0,0,0,34,1941.1633021272744,-42.166666666666664,-0.5485709143268538
113.58333333333333,709,Human,0,0,0,60,3272.5014138523084,-113.58333333333333,-0.5485709143268538
82.35,710,Human,0,0,0,49,3616.619416876924,-82.35,-0.5485709143268538
115.1,711,Human,0,0,0,61,2938.418360694987,-115.1,-0.5485709143268538
33.78333333333333,715,Human,0,0,0,29,4746.579745373727,-33.78333333333333,-0.5485709143268538
24.45,716,Human,0,0,0,23,3983.780468004987,-24.45,-0.5485709143268538
68.35,718,Human,0,0,0,44,1045.7468571256325,-68.35,-0.5485709143268538
39.266666666666666,719,Human,0,0,0,32,3482.3289566448348,-39.266666666666666,-0.5485709143268538
128.3,721,Human,0,0,0,68,1343.5443393827634,-128.3,-0.5485709143268538
36.86666666666667,729,Human,0,0,0,31,1256.8865380921125,-36.86666666666667,-0.5485709143268538
84.73333333333333,731,Human,0,0,0,50,3892.810139438229,-84.73333333333333,-0.5485709143268538
96.68333333333334,734,Human,0,0,0,54,2078.9576138971333,-96.68333333333334,-0.5485709143268538
116.63333333333334,736,Human,0,0,0,62,2202.838333098265,-116.63333333333334,-0.5485709143268538
119.06666666666666,737,Human,0,0,0,63,3904.0047238497127,-119.06666666666666,-0.5485709143268538
39.55,742,Human,0,0,0,32,3557.8680183261163,-39.55,-0.5485709143268538
19.683333333333334,743,Human,0,0,0,19,2599.657439096951,-19.683333333333334,-0.5485709143268538
144.21666666666667,746,Human,0,0,0,79,2171.539486441069,-144.21666666666667,-0.5485709143268538
108.46666666666667,747,Human,0,0,0,58,2746.8849315158554,-108.46666666666667,-0.5485709143268538
45.78333333333333,749,Human,0,0,0,35,3046.5014069992635,-45.78333333333333,-0.5485709143268538
144.6,754,Human,0,0,0,79,1129.2748279590749,-144.6,-0.5485709143268538
42.38333333333333,756,Human,0,0,0,34,3030.595926843499,-42.38333333333333,-0.5485709143268538
106.18333333333334,759,Human,0,0,0,57,3755.4813681259384,-106.18333333333334,-0.5485709143268538
131.45,760,Human,0,0,0,70,1195.3646567128897,-131.45,-0.5485709143268538
112.58333333333333,761,Human,0,0,0,60,1900.1501079205677,-112.58333333333333,-0.5485709143268538
117.23333333333333,762,Human,0,0,0,62,1645.2886372295343,-117.23333333333333,-0.5485709143268538
32.05,768,Human,0,0,0,28,2016.1982136283007,-32.05,-0.5485709143268538
133.13333333333333,771,Human,0,0,0,72,4079.244000061076,-133.13333333333333,-0.5485709143268538
96.21666666666667,772,Human,0,0,0,54,1063.9213297207612,-96.21666666666667,-0.5485709143268538
37.03333333333333,776,Human,0,0,0,31,1562.958025032478,-37.03333333333333,-0.5485709143268538
31.95,779,Human,0,0,0,28,3111.7309337571023,-31.95,-0.5485709143268538
84.48333333333333,784,Human,0,0,0,50,1345.300911989342,-84.48333333333333,-0.5485709143268538
95.83333333333333,785,Human,0,0,0,54,4537.544553056246,-95.83333333333333,-0.5485709143268538
84.56666666666666,786,Human,0,0,0,50,2892.853569967997,-84.56666666666666,-0.5485709143268538
108.03333333333333,792,Human,0,0,0,58,2611.0287504997536,-108.03333333333333,-0.5485709143268538
101.5,793,Human,0,0,0,56,2997.871292881695,-101.5,-0.5485709143268538
21.166666666666668,794,Human,0,0,0,20,229.26165986140086,-21.166666666666668,-0.5485709143268538
77.26666666666667,795,Human,0,0,0,47,4249.3144626461635,-77.26666666666667,-0.5485709143268538
124.96666666666667,796,Human,0,0,0,66,4775.449093973968,-124.96666666666667,-0.5485709143268538
84.9,799,Human,0,0,0,50,4672.12538746072,-84.9,-0.5485709143268538
132.0,804,Human,0,0,0,71,2317.765764924545,-132.0,-0.5485709143268538
68.81666666666666,808,Human,0,0,0,44,2413.7895380702494,-68.81666666666666,-0.5485709143268538
93.31666666666666,809,Human,0,0,0,53,981.0440104759664,-93.31666666666666,-0.5485709143268538
74.06666666666666,810,Human,0,0,0,46,5777.912010608713,-74.06666666666666,-0.5485709143268538
56.15,811,Human,0,0,0,40,4032.9217457491723,-56.15,-0.5485709143268538
54.68333333333333,814,Human,0,0,0,39,4233.667350034519,-54.68333333333333,-0.5485709143268538
59.516666666666666,820,Human,0,0,0,41,3829.4672423603597,-59.516666666666666,-0.5485709143268538
35.53333333333333,822,Human,0,0,0,30,1983.7141221087409,-35.53333333333333,-0.5485709143268538
84.98333333333333,825,Human,0,0,0,50,4645.462675591138,-84.98333333333333,-0.5485709143268538
85.08333333333333,826,Human,0,0,0,50,2032.252978575695,-85.08333333333333,-0.5485709143268538
141.23333333333332,831,Human,0,0,0,76,2419.5273147338335,-141.23333333333332,-0.5485709143268538
46.31666666666667,835,Human,0,0,0,35,2298.976932420079,-46.31666666666667,-0.5485709143268538
135.96666666666667,837,Human,0,0,0,73,2092.2118922194454,-135.96666666666667,-0.5485709143268538
145.81666666666666,840,Human,0,0,0,81,171.09569967460402,-145.81666666666666,-0.5485709143268538
85.46666666666667,841,Human,0,0,0,50,3199.9422718914902,-85.46666666666667,-0.5485709143268538
89.98333333333333,844,Human,0,0,0,52,1179.5501638807075,-89.98333333333333,-0.5485709143268538
120.56666666666666,847,Human,0,0,0,64,6625.56041257437,-120.56666666666666,-0.5485709143268538
52.13333333333333,848,Human,0,0,0,38,2597.772368622304,-52.13333333333333,-0.5485709143268538
124.51666666666667,849,Human,0,0,0,66,2937.4704132754896,-124.51666666666667,-0.5485709143268538
63.86666666666667,850,Human,0,0,0,43,673.3886225880087,-63.86666666666667,-0.5485709143268538
96.36666666666666,854,Human,0,0,0,54,1455.577840086766,-96.36666666666666,-0.5485709143268538
98.81666666666666,856,Human,0,0,0,55,418.24406648776676,-98.81666666666666,-0.5485709143268538
18.466666666666665,858,Human,0,0,0,17,2824.5057456234845,-18.466666666666665,-0.5485709143268538
28.083333333333332,861,Human,0,0,0,25,2422.572305969407,-28.083333333333332,-0.5485709143268538
87.21666666666667,863,Human,0,0,0,51,2377.6244894905835,-87.21666666666667,-0.5485709143268538
51.61666666666667,864,Human,0,0,0,38,2233.1501904914235,-51.61666666666667,-0.5485709143268538
30.55,866,Human,0,0,0,27,1213.8982759914697,-30.55,-0.5485709143268538
64.91666666666667,867,Human,0,0,0,43,1346.8911941255706,-64.91666666666667,-0.5485709143268538
56.21666666666667,868,Human,0,0,0,40,4178.225807365905,-56.21666666666667,-0.5485709143268538
82.71666666666667,869,Human,0,0,0,49,4948.432543791347,-82.71666666666667,-0.5485709143268538
96.46666666666667,870,Human,0,0,0,54,2132.6196012625987,-96.46666666666667,-0.5485709143268538
40.8,871,Human,0,0,0,33,1737.4411420452175,-40.8,-0.5485709143268538
117.5,872,Human,0,0,0,62,3122.8437708204733,-117.5,-0.5485709143268538
18.033333333333335,875,Human,0,0,0,17,1218.6094014994612,-18.033333333333335,-0.5485709143268538
79.5,878,Human,0,0,0,48,325.6684839149848,-79.5,-0.5485709143268538
82.51666666666667,879,Human,0,0,0,49,1531.0681346041513,-82.51666666666667,-0.5485709143268538
36.96666666666667,883,Human,0,0,0,30,925.4207541585565,-36.96666666666667,-0.5485709143268538
97.23333333333333,885,Human,0,0,0,54,1330.544584562812,-97.23333333333333,-0.5485709143268538
131.06666666666666,886,Human,0,0,0,70,3157.1433404910595,-131.06666666666666,-0.5485709143268538
62.88333333333333,887,Human,0,0,0,42,1601.5173293085338,-62.88333333333333,-0.5485709143268538
9.133333333333333,888,Human,0,0,0,8,896.1309190127979,-9.133333333333333,-0.5485709143268538
47.71666666666667,890,Human,0,0,0,36,3444.482767157331,-47.71666666666667,-0.5485709143268538
56.766666666666666,891,Human,0,0,0,40,4138.063717792347,-56.766666666666666,-0.5485709143268538
84.65,893,Human,0,0,0,50,2220.1199245852918,-84.65,-0.5485709143268538
68.66666666666667,894,Human,0,0,0,44,3218.149077257801,-68.66666666666667,-0.5485709143268538
26.05,899,Human,0,0,0,24,804.8169283737523,-26.05,-0.5485709143268538
140.55,903,Human,0,0,0,76,2891.5560399009346,-140.55,-0.5485709143268538
149.46666666666667,905,Human,0,0,0,84,4403.680856917235,-149.46666666666667,-0.5485709143268538
86.96666666666667,908,Human,0,0,0,51,1690.9452606334592,-86.96666666666667,-0.5485709143268538
49.53333333333333,910,Human,0,0,0,37,2918.4894605940367,-49.53333333333333,-0.5485709143268538
101.6,911,Human,0,0,0,56,1726.497928014831,-101.6,-0.5485709143268538
109.98333333333333,912,Human,0,0,0,59,3046.160575809112,-109.98333333333333,-0.5485709143268538
124.26666666666667,914,Human,0,0,0,66,2777.76591348408,-124.26666666666667,-0.5485709143268538
128.86666666666667,915,Human,0,0,0,69,2360.962432680398,-128.86666666666667,-0.5485709143268538
108.7,917,Human,0,0,0,58,4980.712097083686,-108.7,-0.5485709143268538
19.0,919,Human,0,0,0,18,1133.8403536004444,-19.0,-0.5485709143268538
68.6,920,Human,0,0,0,44,4223.732310847784,-68.6,-0.5485709143268538
87.11666666666666,922,Human,0,0,0,51,4418.842020195453,-87.11666666666666,-0.5485709143268538
77.01666666666667,926,Human,0,0,0,47,1729.0065679852585,-77.01666666666667,-0.5485709143268538
102.0,927,Human,0,0,0,56,2739.9246481750215,-102.0,-0.5485709143268538
84.81666666666666,930,Human,0,0,0,50,1129.7313599032034,-84.81666666666666,-0.5485709143268538
107.2,931,Human,0,0,0,57,4009.1669232216577,-107.2,-0.5485709143268538
99.51666666666667,934,Human,0,0,0,55,1296.9405932056352,-99.51666666666667,-0.5485709143268538
110.1,935,Human,0,0,0,59,1743.8007409331553,-110.1,-0.5485709143268538
79.86666666666666,937,Human,0,0,0,48,4591.529634605196,-79.86666666666666,-0.5485709143268538
93.38333333333334,940,Human,0,0,0,53,1750.8981592287641,-93.38333333333334,-0.5485709143268538
131.21666666666667,943,Human,0,0,0,70,3978.6641564494093,-131.21666666666667,-0.5485709143268538
68.1,945,Human,0,0,0,44,145.68488532787205,-68.1,-0.5485709143268538
99.11666666666666,946,Human,0,0,0,55,1116.2514655399207,-99.11666666666666,-0.5485709143268538
101.3,948,Human,0,0,0,56,4261.857330017962,-101.3,-0.5485709143268538
105.65,951,Human,0,0,0,57,3205.9331553579523,-105.65,-0.5485709143268538
106.25,952,Human,0,0,0,57,1315.085741211194,-106.25,-0.5485709143268538
52.28333333333333,954,Human,0,0,0,38,2298.4172456407155,-52.28333333333333,-0.5485709143268538
134.38333333333333,955,Human,0,0,0,72,2168.7787078882743,-134.38333333333333,-0.5485709143268538
60.53333333333333,956,Human,0,0,0,41,2657.8656084032696,-60.53333333333333,-0.5485709143268538
152.65,957,Human,0,0,0,87,511.83249023409894,-152.65,-0.5485709143268538
101.8,959,Human,0,0,0,56,3514.3468727185145,-101.8,-0.5485709143268538
141.06666666666666,960,Human,0,0,0,76,786.3144114288152,-141.06666666666666,-0.5485709143268538
90.86666666666666,961,Human,0,0,0,52,2966.570720239788,-90.86666666666666,-0.5485709143268538
41.266666666666666,962,Human,0,0,0,33,1632.0314972245394,-41.266666666666666,-0.5485709143268538
80.03333333333333,963,Human,0,0,0,48,2191.3300365214486,-80.03333333333333,-0.5485709143268538
49.88333333333333,967,Human,0,0,0,37,1843.08018073432,-49.88333333333333,-0.5485709143268538
122.66666666666667,968,Human,0,0,0,65,2830.2384172484512,-122.66666666666667,-0.5485709143268538
70.8,970,Human,0,0,0,45,3200.4764258128334,-70.8,-0.5485709143268538
80.31666666666666,971,Human,0,0,0,48,4830.256697892399,-80.31666666666666,-0.5485709143268538
93.46666666666667,972,Human,0,0,0,53,3489.9040994801935,-93.46666666666667,-0.5485709143268538
41.6,974,Human,0,0,0,33,366.6910577330036,-41.6,-0.5485709143268538
39.71666666666667,975,Human,0,0,0,32,1702.6830296144662,-39.71666666666667,-0.5485709143268538
64.13333333333334,977,Human,0,0,0,43,549.6325179346807,-64.13333333333334,-0.5485709143268538
29.65,978,Human,0,0,0,26,2576.8683611051715,-29.65,-0.5485709143268538
106.41666666666667,980,Human,0,0,0,57,1986.5421939077173,-106.41666666666667,-0.5485709143268538
117.63333333333334,983,Human,0,0,0,62,732.5406583550609,-117.63333333333334,-0.5485709143268538
102.33333333333333,984,Human,0,0,0,56,3470.4753542215667,-102.33333333333333,-0.5485709143268538
113.25,985,Human,0,0,0,60,2573.731936346823,-113.25,-0.5485709143268538
99.45,987,Human,0,0,0,55,2356.2902944138714,-99.45,-0.5485709143268538
144.3,992,Human,0,0,0,79,1743.1413058712587,-144.3,-0.5485709143268538
99.86666666666666,995,Human,0,0,0,55,845.3763617398627,-99.86666666666666,-0.5485709143268538
116.85,996,Human,0,0,0,62,4620.449828907297,-116.85,-0.5485709143268538
90.95,997,Human,0,0,0,52,1115.8843309000695,-90.95,-0.5485709143268538
90.31666666666666,998,Human,0,0,0,52,5006.141128877606,-90.31666666666666,-0.5485709143268538
119.28333333333333,999,Human,0,0,0,63,2396.449279826,-119.28333333333333,-0.5485709143268538
83.38333333333334,1000,Human,0,0,0,49,1362.2492816849203,-83.38333333333334,-0.5485709143268538
49.63333333333333,1001,Human,0,0,0,37,2740.8919632760003,-49.63333333333333,-0.5485709143268538
64.26666666666667,1002,Human,0,0,0,43,4255.136306908296,-64.26666666666667,-0.5485709143268538
113.76666666666667,1003,Human,0,0,0,60,3488.3590923935667,-113.76666666666667,-0.5485709143268538
85.16666666666667,1004,Human,0,0,0,50,3849.2435575352215,-85.16666666666667,-0.5485709143268538
64.5,1007,Human,0,0,0,43,4096.443729955061,-64.5,-0.5485709143268538
117.7,1008,Human,0,0,0,62,1650.2485545865798,-117.7,-0.5485709143268538
33.86666666666667,1010,Human,0,0,0,29,1527.7014658115893,-33.86666666666667,-0.5485709143268538
137.45,1011,Human,0,0,0,74,5898.169995881026,-137.45,-0.5485709143268538
24.0,1013,Human,0,0,0,22,444.8990047721045,-24.0,-0.5485709143268538
39.8,1014,Human,0,0,0,32,3372.6845949985864,-39.8,-0.5485709143268538
112.86666666666666,1019,Human,0,0,0,60,393.54267710569775,-112.86666666666666,-0.5485709143268538
102.6,1022,Human,0,0,0,56,4691.686386023244,-102.6,-0.5485709143268538
112.31666666666666,1023,Human,0,0,0,60,5376.926360804037,-112.31666666666666,-0.5485709143268538
15.083333333333334,1024,Human,0,0,0,14,4923.683271814826,-15.083333333333334,-0.5485709143268538
64.73333333333333,1025,Human,0,0,0,43,2497.524845569257,-64.73333333333333,-0.5485709143268538
85.3,1027,Human,0,0,0,50,4067.43458717942,-85.3,-0.5485709143268538
126.96666666666667,1029,Human,0,0,0,67,3973.8624434052103,-126.96666666666667,-0.5485709143268538
108.21666666666667,1033,Human,0,0,0,58,1024.229079120168,-108.21666666666667,-0.5485709143268538
83.01666666666667,1035,Human,0,0,0,49,3333.5992328913367,-83.01666666666667,-0.5485709143268538
124.63333333333334,1036,Human,0,0,0,66,2007.8680331105004,-124.63333333333334,-0.5485709143268538
118.95,1038,Human,0,0,0,63,660.3935993151847,-118.95,-0.5485709143268538
115.16666666666667,1039,Human,0,0,0,61,1913.9636124665462,-115.16666666666667,-0.5485709143268538
87.4,1043,Human,0,0,0,51,3052.832019570681,-87.4,-0.5485709143268538
60.233333333333334,1046,Human,0,0,0,41,1579.0406228245715,-60.233333333333334,-0.5485709143268538
110.18333333333334,1047,Human,0,0,0,59,297.70066001628084,-110.18333333333334,-0.5485709143268538
34.38333333333333,1050,Human,0,0,0,29,4267.6625853829955,-34.38333333333333,-0.5485709143268538
156.03333333333333,1053,Human,0,0,0,90,3808.0200423319857,-156.03333333333333,-0.5485709143268538
137.55,1055,Human,0,0,0,74,2048.634859164669,-137.55,-0.5485709143268538
91.1,1056,Human,0,0,0,52,3649.7695123885114,-91.1,-0.5485709143268538
102.76666666666667,1057,Human,0,0,0,56,2237.397025723993,-102.76666666666667,-0.5485709143268538
87.48333333333333,1058,Human,0,0,0,51,2517.7945239355395,-87.48333333333333,-0.5485709143268538
106.53333333333333,1059,Human,0,0,0,57,3059.021693169256,-106.53333333333333,-0.5485709143268538
77.11666666666666,1060,Human,0,0,0,47,4260.3383894490635,-77.11666666666666,-0.5485709143268538
138.05,1061,Human,0,0,0,74,5748.988979390699,-138.05,-0.5485709143268538
62.96666666666667,1062,Human,0,0,0,42,3654.9881423899164,-62.96666666666667,-0.5485709143268538
129.0,1063,Human,0,0,0,68,2294.790401444517,-129.0,-0.5485709143268538
106.6,1067,Human,0,0,0,57,964.4269568027999,-106.6,-0.5485709143268538
137.81666666666666,1068,Human,0,0,0,74,2063.2620219873365,-137.81666666666666,-0.5485709143268538
24.95,1073,Human,0,0,0,23,226.59788745688638,-24.95,-0.5485709143268538
42.56666666666667,1074,Human,0,0,0,34,5900.708939699474,-42.56666666666667,-0.5485709143268538
93.78333333333333,1075,Human,0,0,0,53,2330.8964828422972,-93.78333333333333,-0.5485709143268538
135.4,1079,Human,0,0,0,73,5002.157484822201,-135.4,-0.5485709143268538
112.5,1088,Human,0,0,0,60,6085.972989255529,-112.5,-0.5485709143268538
71.33333333333333,1089,Human,0,0,0,45,1573.4674066108967,-71.33333333333333,-0.5485709143268538
56.68333333333333,1090,Human,0,0,0,40,4903.630344434467,-56.68333333333333,-0.5485709143268538
85.25,1091,Human,0,0,0,50,3144.9504269479976,-85.25,-0.5485709143268538
119.6,1092,Human,0,0,0,63,2983.829849308525,-119.6,-0.5485709143268538
54.1,1094,Human,0,0,0,39,1569.1225758884993,-54.1,-0.5485709143268538
125.13333333333334,1098,Human,0,0,0,66,3710.2472153542412,-125.13333333333334,-0.5485709143268538
131.36666666666667,1099,Human,0,0,0,70,2046.4370936295131,-131.36666666666667,-0.5485709143268538
112.81666666666666,1101,Human,0,0,0,60,5334.06307119966,-112.81666666666666,-0.5485709143268538
37.36666666666667,1104,Human,0,0,0,31,6379.642109619581,-37.36666666666667,-0.5485709143268538
115.63333333333334,1105,Human,0,0,0,61,1307.852393249776,-115.63333333333334,-0.5485709143268538
132.88333333333333,1108,Human,0,0,0,71,3332.479078993713,-132.88333333333333,-0.5485709143268538
120.9,1109,Human,0,0,0,64,1206.9332706850973,-120.9,-0.5485709143268538
137.9,1110,Human,0,0,0,74,3899.7586355684207,-137.9,-0.5485709143268538
71.78333333333333,1111,Human,0,0,0,45,1541.9305141236096,-71.78333333333333,-0.5485709143268538
72.31666666666666,1113,Human,0,0,0,45,2723.041480122635,-72.31666666666666,-0.5485709143268538
100.05,1118,Human,0,0,0,55,1716.4058061948353,-100.05,-0.5485709143268538
85.41666666666667,1121,Human,0,0,0,50,5088.077251987124,-85.41666666666667,-0.5485709143268538
146.0,1126,Human,0,0,0,79,814.8021865384494,-146.0,-0.5485709143268538
71.58333333333333,1128,Human,0,0,0,45,2130.3288806026844,-71.58333333333333,-0.5485709143268538
16.083333333333332,1129,Human,0,0,0,15,1692.3128452932433,-16.083333333333332,-0.5485709143268538
72.46666666666667,1131,Human,0,0,0,45,2575.1099483619982,-72.46666666666667,-0.5485709143268538
135.66666666666666,1133,Human,0,0,0,73,1523.1638674593282,-135.66666666666666,-0.5485709143268538
132.33333333333334,1135,Human,0,0,0,71,739.639306572333,-132.33333333333334,-0.5485709143268538
87.65,1136,Human,0,0,0,51,4109.188090541044,-87.65,-0.5485709143268538
143.53333333333333,1140,Human,0,0,0,78,3949.4893854212555,-143.53333333333333,-0.5485709143268538
86.0,1144,Human,0,0,0,50,1722.260826652971,-86.0,-0.5485709143268538
65.08333333333333,1147,Human,0,0,0,43,3179.7037865439615,-65.08333333333333,-0.5485709143268538
124.71666666666667,1148,Human,0,0,0,66,4105.214194329372,-124.71666666666667,-0.5485709143268538
126.23333333333333,1149,Human,0,0,0,67,4215.624445756166,-126.23333333333333,-0.5485709143268538
93.86666666666666,1150,Human,0,0,0,53,3384.5334929113233,-93.86666666666666,-0.5485709143268538
124.88333333333334,1151,Human,0,0,0,66,4021.5904458805253,-124.88333333333334,-0.5485709143268538
115.7,1154,Human,0,0,0,61,3025.0296755929958,-115.7,-0.5485709143268538
87.55,1155,Human,0,0,0,51,3581.447124576607,-87.55,-0.5485709143268538
86.15,1156,Human,0,0,0,50,1231.2112859017882,-86.15,-0.5485709143268538
138.38333333333333,1157,Human,0,0,0,74,4312.68355423057,-138.38333333333333,-0.5485709143268538
29.716666666666665,1159,Human,0,0,0,26,347.46155767430946,-29.716666666666665,-0.5485709143268538
71.4,1162,Human,0,0,0,45,1989.862539193624,-71.4,-0.5485709143268538
46.05,1165,Human,0,0,0,35,3911.610492869763,-46.05,-0.5485709143268538
155.63333333333333,1166,Human,0,0,0,90,3992.652221141583,-155.63333333333333,-0.5485709143268538
65.66666666666667,1169,Human,0,0,0,43,1803.107814826324,-65.66666666666667,-0.5485709143268538
35.61666666666667,1170,Human,0,0,0,30,3018.6226772678283,-35.61666666666667,-0.5485709143268538
41.766666666666666,1173,Human,0,0,0,33,1692.5189379814474,-41.766666666666666,-0.5485709143268538
102.81666666666666,1178,Human,0,0,0,56,3620.4018144512147,-102.81666666666666,-0.5485709143268538
31.116666666666667,1180,Human,0,0,0,27,5213.232221590704,-31.116666666666667,-0.5485709143268538
121.1,1181,Human,0,0,0,64,2015.4077250683497,-121.1,-0.5485709143268538
47.86666666666667,1182,Human,0,0,0,36,3078.7057513339973,-47.86666666666667,-0.5485709143268538
113.11666666666666,1188,Human,0,0,0,60,1858.1862626431791,-113.11666666666666,-0.5485709143268538
77.48333333333333,1189,Human,0,0,0,47,3383.7204144573334,-77.48333333333333,-0.5485709143268538
117.08333333333333,1193,Human,0,0,0,62,3033.80924794472,-117.08333333333333,-0.5485709143268538
147.46666666666667,1194,Human,0,0,0,82,501.2352682013311,-147.46666666666667,-0.5485709143268538
146.85,1195,Human,0,0,0,82,4245.171996877956,-146.85,-0.5485709143268538
33.983333333333334,1196,Human,0,0,0,29,5433.707640268656,-33.983333333333334,-0.5485709143268538
43.333333333333336,1197,Human,0,0,0,34,5329.282134811773,-43.333333333333336,-0.5485709143268538
106.33333333333333,1202,Human,0,0,0,57,273.4587692415512,-106.33333333333333,-0.5485709143268538
51.86666666666667,1205,Human,0,0,0,38,3665.292108195161,-51.86666666666667,-0.5485709143268538
52.06666666666667,1206,Human,0,0,0,38,3279.8389809706864,-52.06666666666667,-0.5485709143268538
45.15,1207,Human,0,0,0,35,2396.079391867331,-45.15,-0.5485709143268538
96.76666666666667,1209,Human,0,0,0,54,6666.403671956934,-96.76666666666667,-0.5485709143268538
59.38333333333333,1211,Human,0,0,0,41,2415.753442056299,-59.38333333333333,-0.5485709143268538
75.05,1212,Human,0,0,0,46,1256.724405204342,-75.05,-0.5485709143268538
31.366666666666667,1215,Human,0,0,0,27,1525.757819811642,-31.366666666666667,-0.5485709143268538
20.35,1216,Human,0,0,0,19,783.4396922413696,-20.35,-0.5485709143268538
133.3,1219,Human,0,0,0,72,1747.6692911750474,-133.3,-0.5485709143268538
43.1,1224,Human,0,0,0,34,2301.8733448791577,-43.1,-0.5485709143268538
56.583333333333336,1227,Human,0,0,0,40,1751.5469339932351,-56.583333333333336,-0.5485709143268538
56.95,1230,Human,0,0,0,40,4415.171734940737,-56.95,-0.5485709143268538
37.63333333333333,1231,Human,0,0,0,31,1566.0162061520964,-37.63333333333333,-0.5485709143268538
88.13333333333334,1233,Human,0,0,0,51,366.20812276338575,-88.13333333333334,-0.5485709143268538
110.28333333333333,1237,Human,0,0,0,59,2493.9291459091705,-110.28333333333333,-0.5485709143268538
112.96666666666667,1238,Human,0,0,0,60,5314.898772797771,-112.96666666666667,-0.5485709143268538
133.38333333333333,1240,Human,0,0,0,71,4224.808076171236,-133.38333333333333,-0.5485709143268538
59.81666666666667,1243,Human,0,0,0,41,4068.8805010540445,-59.81666666666667,-0.5485709143268538
125.78333333333333,1244,Human,0,0,0,67,3620.3833042756496,-125.78333333333333,-0.5485709143268538
87.81666666666666,1245,Human,0,0,0,51,3054.0926862999104,-87.81666666666666,-0.5485709143268538
19.9,1247,Human,0,0,0,19,379.82875404604874,-19.9,-0.5485709143268538
139.48333333333332,1251,Human,0,0,0,75,2523.6908065382113,-139.48333333333332,-0.5485709143268538
48.0,1252,Human,0,0,0,36,1005.1802424813172,-48.0,-0.5485709143268538
49.7,1254,Human,0,0,0,37,3289.156896964453,-49.7,-0.5485709143268538
117.86666666666666,1256,Human,0,0,0,62,1434.4187276710322,-117.86666666666666,-0.5485709143268538
82.1,1257,Human,0,0,0,49,2559.766643530989,-82.1,-0.5485709143268538
60.333333333333336,1259,Human,0,0,0,41,2887.5931740829405,-60.333333333333336,-0.5485709143268538
82.63333333333334,1264,Human,0,0,0,49,153.31962185208295,-82.63333333333334,-0.5485709143268538
80.68333333333334,1265,Human,0,0,0,48,713.1039761154932,-80.68333333333334,-0.5485709143268538
115.23333333333333,1267,Human,0,0,0,61,2518.0208636852703,-115.23333333333333,-0.5485709143268538
139.38333333333333,1270,Human,0,0,0,75,3328.1444396260376,-139.38333333333333,-0.5485709143268538
102.98333333333333,1273,Human,0,0,0,56,446.65491426864855,-102.98333333333333,-0.5485709143268538
57.266666666666666,1276,Human,0,0,0,40,1618.008068093828,-57.266666666666666,-0.5485709143268538
103.36666666666666,1278,Human,0,0,0,56,1146.7037594072108,-103.36666666666666,-0.5485709143268538
129.86666666666667,1280,Human,0,0,0,69,3023.2956515996852,-129.86666666666667,-0.5485709143268538
17.316666666666666,1282,Human,0,0,0,16,2805.5008606231277,-17.316666666666666,-0.5485709143268538
119.33333333333333,1283,Human,0,0,0,63,130.53451112552057,-119.33333333333333,-0.5485709143268538
87.95,1284,Human,0,0,0,51,1956.895397017714,-87.95,-0.5485709143268538
96.96666666666667,1285,Human,0,0,0,54,2653.524276338043,-96.96666666666667,-0.5485709143268538
30.816666666666666,1286,Human,0,0,0,27,820.7094368523326,-30.816666666666666,-0.5485709143268538
148.45,1288,Human,0,0,0,83,386.38929243311486,-148.45,-0.5485709143268538
91.3,1290,Human,0,0,0,52,2219.171733765799,-91.3,-0.5485709143268538
65.43333333333334,1292,Human,0,0,0,43,2834.4074004126205,-65.43333333333334,-0.5485709143268538
96.86666666666666,1294,Human,0,0,0,54,3817.489807333767,-96.86666666666666,-0.5485709143268538
25.016666666666666,1296,Human,0,0,0,23,1276.0986879575391,-25.016666666666666,-0.5485709143268538
41.13333333333333,1299,Human,0,0,0,33,3376.5061987615677,-41.13333333333333,-0.5485709143268538
85.58333333333333,1300,Human,0,0,0,50,370.65047769245166,-85.58333333333333,-0.5485709143268538
16.4,1301,Human,0,0,0,15,4822.895490641729,-16.4,-0.5485709143268538
117.36666666666666,1303,Human,0,0,0,62,2738.699460579366,-117.36666666666666,-0.5485709143268538
72.01666666666667,1304,Human,0,0,0,45,3387.5068561047706,-72.01666666666667,-0.5485709143268538
9.283333333333333,1305,Human,0,0,0,8,4241.179174457756,-9.283333333333333,-0.5485709143268538
4.9,1308,Human,0,0,0,3,2006.2628695891285,-4.9,-0.5485709143268538
35.733333333333334,1310,Human,0,0,0,30,767.7290511482979,-35.733333333333334,-0.5485709143268538
52.55,1312,Human,0,0,0,38,2761.5566823703,-52.55,-0.5485709143268538
110.35,1314,Human,0,0,0,59,2419.0926463775054,-110.35,-0.5485709143268538
49.766666666666666,1320,Human,0,0,0,37,1639.4456628646628,-49.766666666666666,-0.5485709143268538
57.46666666666667,1321,Human,0,0,0,40,1236.0154903230225,-57.46666666666667,-0.5485709143268538
93.68333333333334,1324,Human,0,0,0,53,5493.603915063358,-93.68333333333334,-0.5485709143268538
97.36666666666666,1326,Human,0,0,0,54,1347.8040450465248,-97.36666666666666,-0.5485709143268538
77.36666666666666,1328,Human,0,0,0,47,3180.719350588542,-77.36666666666666,-0.5485709143268538
19.383333333333333,1330,Human,0,0,0,18,2789.8538334328764,-19.383333333333333,-0.5485709143268538
97.51666666666667,1333,Human,0,0,0,54,6546.569456200889,-97.51666666666667,-0.5485709143268538
103.15,1334,Human,0,0,0,56,5465.994367324991,-103.15,-0.5485709143268538
107.88333333333334,1336,Human,0,0,0,57,1429.8876950032468,-107.88333333333334,-0.5485709143268538
74.16666666666667,1339,Human,0,0,0,46,361.45501076165147,-74.16666666666667,-0.5485709143268538
106.7,1341,Human,0,0,0,57,2456.01889751507,-106.7,-0.5485709143268538
106.1,1342,Human,0,0,0,57,4222.378602508801,-106.1,-0.5485709143268538
59.6,1343,Human,0,0,0,41,3465.979056673809,-59.6,-0.5485709143268538
39.016666666666666,1344,Human,0,0,0,32,3535.4759625077977,-39.016666666666666,-0.5485709143268538
49.95,1347,Human,0,0,0,37,2124.2371568159256,-49.95,-0.5485709143268538
122.76666666666667,1348,Human,0,0,0,65,5897.3110872856,-122.76666666666667,-0.5485709143268538
65.21666666666667,1356,Human,0,0,0,43,4469.845764632881,-65.21666666666667,-0.5485709143268538
60.416666666666664,1357,Human,0,0,0,41,2309.071254767088,-60.416666666666664,-0.5485709143268538
65.16666666666667,1360,Human,0,0,0,43,4573.365308946544,-65.16666666666667,-0.5485709143268538
120.95,1363,Human,0,0,0,64,3074.6131664215927,-120.95,-0.5485709143268538
65.36666666666666,1364,Human,0,0,0,43,3492.3131855817364,-65.36666666666666,-0.5485709143268538
102.18333333333334,1365,Human,0,0,0,56,1086.847943815295,-102.18333333333334,-0.5485709143268538
38.166666666666664,1366,Human,0,0,0,31,3416.5252856605543,-38.166666666666664,-0.5485709143268538
133.61666666666667,1367,Human,0,0,0,72,4542.798786386896,-133.61666666666667,-0.5485709143268538
131.76666666666668,1368,Human,0,0,0,70,1336.0602035502818,-131.76666666666668,-0.5485709143268538
122.86666666666666,1369,Human,0,0,0,65,1598.7765627846059,-122.86666666666666,-0.5485709143268538
26.433333333333334,1370,Human,0,0,0,24,5384.551539720192,-26.433333333333334,-0.5485709143268538
119.75,1371,Human,0,0,0,63,1342.3096567568978,-119.75,-0.5485709143268538
102.46666666666667,1372,Human,0,0,0,56,4129.566840141589,-102.46666666666667,-0.5485709143268538
82.26666666666667,1374,Human,0,0,0,49,1639.9851832104528,-82.26666666666667,-0.5485709143268538
102.65,1375,Human,0,0,0,56,4239.6405599003665,-102.65,-0.5485709143268538
138.45,1379,Human,0,0,0,74,2928.384825182576,-138.45,-0.5485709143268538
131.61666666666667,1380,Human,0,0,0,70,1256.219825595951,-131.61666666666667,-0.5485709143268538
68.16666666666667,1382,Human,0,0,0,44,5340.697719442482,-68.16666666666667,-0.5485709143268538
37.68333333333333,1387,Human,0,0,0,31,1082.9704793158048,-37.68333333333333,-0.5485709143268538
52.733333333333334,1390,Human,0,0,0,38,1592.3662717915095,-52.733333333333334,-0.5485709143268538
106.8,1393,Human,0,0,0,57,2660.9485364897278,-106.8,-0.5485709143268538
147.01666666666668,1395,Human,0,0,0,81,3973.6761704812398,-147.01666666666668,-0.5485709143268538
113.16666666666667,1396,Human,0,0,0,60,2342.1132454688236,-113.16666666666667,-0.5485709143268538
110.53333333333333,1398,Human,0,0,0,59,3019.451584424961,-110.53333333333333,-0.5485709143268538
73.58333333333333,1402,Human,0,0,0,46,419.3854497302232,-73.58333333333333,-0.5485709143268538
60.0,1403,Human,0,0,0,41,3507.016758131585,-60.0,-0.5485709143268538
58.11666666666667,1404,Human,0,0,0,40,3201.0089470843204,-58.11666666666667,-0.5485709143268538
108.41666666666667,1409,Human,0,0,0,58,4222.370124061256,-108.41666666666667,-0.5485709143268538
65.48333333333333,1410,Human,0,0,0,43,1458.7762718317874,-65.48333333333333,-0.5485709143268538
154.15,1411,Human,0,0,0,87,973.1408652272025,-154.15,-0.5485709143268538
132.43333333333334,1413,Human,0,0,0,71,595.8982268465279,-132.43333333333334,-0.5485709143268538
133.76666666666668,1414,Human,0,0,0,72,2702.0486265318614,-133.76666666666668,-0.5485709143268538
152.85,1416,Human,0,0,0,87,444.13664333722727,-152.85,-0.5485709143268538
74.33333333333333,1420,Human,0,0,0,46,1917.3076512774655,-74.33333333333333,-0.5485709143268538
136.16666666666666,1423,Human,0,0,0,73,1177.8639624219782,-136.16666666666666,-0.5485709143268538
42.81666666666667,1425,Human,0,0,0,34,5253.280516099024,-42.81666666666667,-0.5485709143268538
119.15,1426,Human,0,0,0,63,68.29617343906648,-119.15,-0.5485709143268538
123.83333333333333,1427,Human,0,0,0,65,5029.196535986331,-123.83333333333333,-0.5485709143268538
113.33333333333333,1428,Human,0,0,0,60,3103.8501667578644,-113.33333333333333,-0.5485709143268538
71.06666666666666,1430,Human,0,0,0,45,2427.7737989550005,-71.06666666666666,-0.5485709143268538
43.516666666666666,1431,Human,0,0,0,34,2645.912006947987,-43.516666666666666,-0.5485709143268538
45.43333333333333,1432,Human,0,0,0,35,2549.921631056469,-45.43333333333333,-0.5485709143268538
23.15,1433,Human,0,0,0,22,3213.251046814081,-23.15,-0.5485709143268538
63.166666666666664,1436,Human,0,0,0,42,1885.4140091688769,-63.166666666666664,-0.5485709143268538
1.0333333333333334,1437,Human,0,0,0,0,3368.8946633424166,-1.0333333333333334,-0.5485709143268538
136.71666666666667,1443,Human,0,0,0,73,2388.353013201887,-136.71666666666667,-0.5485709143268538
138.76666666666668,1447,Human,0,0,0,75,4028.2049269967324,-138.76666666666668,-0.5485709143268538
68.53333333333333,1448,Human,0,0,0,44,4928.287489742632,-68.53333333333333,-0.5485709143268538
57.733333333333334,1449,Human,0,0,0,40,3279.644938816576,-57.733333333333334,-0.5485709143268538
108.63333333333334,1451,Human,0,0,0,58,3022.122026106359,-108.63333333333334,-0.5485709143268538
80.46666666666667,1452,Human,0,0,0,48,4226.763852533828,-80.46666666666667,-0.5485709143268538
138.61666666666667,1454,Human,0,0,0,74,358.8259366239904,-138.61666666666667,-0.5485709143268538
153.63333333333333,1456,Human,0,0,0,88,3305.4921129342692,-153.63333333333333,-0.5485709143268538
32.833333333333336,1466,Human,0,0,0,28,5528.749647892618,-32.833333333333336,-0.5485709143268538
28.9,1468,Human,0,0,0,26,4239.665454462569,-28.9,-0.5485709143268538
21.066666666666666,1469,Human,0,0,0,20,3724.1858307707025,-21.066666666666666,-0.5485709143268538
77.75,1475,Human,0,0,0,47,3216.1753089458107,-77.75,-0.5485709143268538
148.98333333333332,1476,Human,0,0,0,84,3856.1513651218415,-148.98333333333332,-0.5485709143268538
66.13333333333334,1478,Human,0,0,0,43,3802.9503505979037,-66.13333333333334,-0.5485709143268538
142.88333333333333,1479,Human,0,0,0,78,2359.009096512464,-142.88333333333333,-0.5485709143268538
107.05,1480,Human,0,0,0,57,3910.870296657293,-107.05,-0.5485709143268538
110.6,1481,Human,0,0,0,59,1022.1490173409245,-110.6,-0.5485709143268538
99.96666666666667,1483,Human,0,0,0,55,79.13955958875749,-99.96666666666667,-0.5485709143268538
121.6,1486,Human,0,0,0,64,2216.4364713840096,-121.6,-0.5485709143268538
30.316666666666666,1487,Human,0,0,0,27,3330.168824585298,-30.316666666666666,-0.5485709143268538
99.63333333333334,1488,Human,0,0,0,55,2188.6325511920522,-99.63333333333334,-0.5485709143268538
54.85,1490,Human,0,0,0,39,1598.780019053287,-54.85,-0.5485709143268538
83.08333333333333,1491,Human,0,0,0,49,2132.407374052251,-83.08333333333333,-0.5485709143268538
54.233333333333334,1492,Human,0,0,0,39,1554.3184908931457,-54.233333333333334,-0.5485709143268538
39.95,1493,Human,0,0,0,32,718.5444239604305,-39.95,-0.5485709143268538
68.88333333333334,1494,Human,0,0,0,44,2967.6849485410476,-68.88333333333334,-0.5485709143268538
99.73333333333333,1496,Human,0,0,0,55,3028.376710355842,-99.73333333333333,-0.5485709143268538
115.78333333333333,1498,Human,0,0,0,61,2156.467493040513,-115.78333333333333,-0.5485709143268538
35.85,1499,Human,0,0,0,30,4188.629671454617,-35.85,-0.5485709143268538
134.53333333333333,1502,Human,0,0,0,72,310.67587264888107,-134.53333333333333,-0.5485709143268538
99.8,1503,Human,0,0,0,55,2013.052092484109,-99.8,-0.5485709143268538
109.03333333333333,1505,Human,0,0,0,58,2226.089714970714,-109.03333333333333,-0.5485709143268538
88.2,1510,Human,0,0,0,51,3884.078770553245,-88.2,-0.5485709143268538
110.8,1511,Human,0,0,0,59,3426.461862091187,-110.8,-0.5485709143268538
121.35,1512,Human,0,0,0,64,5086.052444513343,-121.35,-0.5485709143268538
16.833333333333332,1513,Human,0,0,0,16,230.63892854555206,-16.833333333333332,-0.5485709143268538
22.05,1514,Human,0,0,0,21,1412.4316538224086,-22.05,-0.5485709143268538
94.05,1515,Human,0,0,0,53,102.59964340147144,-94.05,-0.5485709143268538
52.38333333333333,1516,Human,0,0,0,38,3136.431656798777,-52.38333333333333,-0.5485709143268538
68.98333333333333,1518,Human,0,0,0,44,1624.1176626988604,-68.98333333333333,-0.5485709143268538
32.333333333333336,1520,Human,0,0,0,28,621.1155334388013,-32.333333333333336,-0.5485709143268538
73.81666666666666,1523,Human,0,0,0,46,908.6273529439452,-73.81666666666666,-0.5485709143268538
113.43333333333334,1529,Human,0,0,0,60,2730.9611508424264,-113.43333333333334,-0.5485709143268538
100.26666666666667,1531,Human,0,0,0,55,2993.634604391602,-100.26666666666667,-0.5485709143268538
43.3,1535,Human,0,0,0,34,1031.873216115366,-43.3,-0.5485709143268538
118.1,1536,Human,0,0,0,62,1343.14084092655,-118.1,-0.5485709143268538
71.21666666666667,1540,Human,0,0,0,45,3387.446045868524,-71.21666666666667,-0.5485709143268538
119.93333333333334,1541,Human,0,0,0,63,942.5138074490578,-119.93333333333334,-0.5485709143268538
94.11666666666666,1542,Human,0,0,0,53,2833.5683078557504,-94.11666666666666,-0.5485709143268538
81.15,1543,Human,0,0,0,48,1679.074406049046,-81.15,-0.5485709143268538
133.95,1544,Human,0,0,0,72,5212.035915309423,-133.95,-0.5485709143268538
21.433333333333334,1546,Human,0,0,0,20,3846.1955592674594,-21.433333333333334,-0.5485709143268538
49.0,1547,Human,0,0,0,36,2771.1375339542883,-49.0,-0.5485709143268538
110.45,1548,Human,0,0,0,59,480.7853436318567,-110.45,-0.5485709143268538
102.91666666666667,1549,Human,0,0,0,56,3080.748433311873,-102.91666666666667,-0.5485709143268538
50.1,1551,Human,0,0,0,37,2960.7862215930495,-50.1,-0.5485709143268538
56.85,1552,Human,0,0,0,40,3918.4365105046927,-56.85,-0.5485709143268538
65.81666666666666,1553,Human,0,0,0,43,4337.722068456112,-65.81666666666666,-0.5485709143268538
50.416666666666664,1556,Human,0,0,0,37,2996.081355574408,-50.416666666666664,-0.5485709143268538
117.43333333333334,1557,Human,0,0,0,62,2270.4105590882255,-117.43333333333334,-0.5485709143268538
119.4,1558,Human,0,0,0,63,4038.746583820919,-119.4,-0.5485709143268538
78.06666666666666,1559,Human,0,0,0,47,4464.104424261481,-78.06666666666666,-0.5485709143268538
65.6,1560,Human,0,0,0,43,2058.774829668235,-65.6,-0.5485709143268538
117.76666666666667,1568,Human,0,0,0,62,3045.052889441733,-117.76666666666667,-0.5485709143268538
25.083333333333332,1569,Human,0,0,0,23,2417.1183978070503,-25.083333333333332,-0.5485709143268538
33.45,1575,Human,0,0,0,28,872.2957495770254,-33.45,-0.5485709143268538
85.66666666666667,1576,Human,0,0,0,50,289.6510142758616,-85.66666666666667,-0.5485709143268538
100.13333333333334,1579,Human,0,0,0,55,2758.3040144936713,-100.13333333333334,-0.5485709143268538
129.6,1580,Human,0,0,0,69,1574.6603309560642,-129.6,-0.5485709143268538
78.73333333333333,1581,Human,0,0,0,47,2197.2166235804657,-78.73333333333333,-0.5485709143268538
53.016666666666666,1583,Human,0,0,0,38,2578.304572364549,-53.016666666666666,-0.5485709143268538
80.76666666666667,1584,Human,0,0,0,48,5903.668612597628,-80.76666666666667,-0.5485709143268538
122.96666666666667,1587,Human,0,0,0,65,2246.073823661689,-122.96666666666667,-0.5485709143268538
41.36666666666667,1588,Human,0,0,0,33,2332.433039034744,-41.36666666666667,-0.5485709143268538
29.083333333333332,1590,Human,0,0,0,26,3317.550140066753,-29.083333333333332,-0.5485709143268538
77.55,1592,Human,0,0,0,47,1069.0403731902993,-77.55,-0.5485709143268538
50.03333333333333,1593,Human,0,0,0,37,925.4273842074972,-50.03333333333333,-0.5485709143268538
103.83333333333333,1594,Human,0,0,0,56,3453.544249392685,-103.83333333333333,-0.5485709143268538
100.46666666666667,1596,Human,0,0,0,55,1751.325790357601,-100.46666666666667,-0.5485709143268538
94.76666666666667,1597,Human,0,0,0,53,762.8693114263706,-94.76666666666667,-0.5485709143268538
140.71666666666667,1598,Human,0,0,0,76,805.8316786023067,-140.71666666666667,-0.5485709143268538
82.43333333333334,1600,Human,0,0,0,49,1394.1403145057157,-82.43333333333334,-0.5485709143268538
132.11666666666667,1602,Human,0,0,0,71,1551.6387764205028,-132.11666666666667,-0.5485709143268538
69.23333333333333,1604,Human,0,0,0,44,690.9039840683324,-69.23333333333333,-0.5485709143268538
134.13333333333333,1605,Human,0,0,0,72,2658.3771452144542,-134.13333333333333,-0.5485709143268538
94.26666666666667,1607,Human,0,0,0,53,3816.2781815701537,-94.26666666666667,-0.5485709143268538
74.26666666666667,1608,Human,0,0,0,46,1582.2918690890322,-74.26666666666667,-0.5485709143268538
98.36666666666666,1610,Human,0,0,0,54,4306.814783568352,-98.36666666666666,-0.5485709143268538
71.68333333333334,1611,Human,0,0,0,45,3149.786792890232,-71.68333333333334,-0.5485709143268538
109.2,1615,Human,0,0,0,58,3223.7824803295634,-109.2,-0.5485709143268538
159.93333333333334,1616,Human,0,0,0,98,6306.420412472777,-159.93333333333334,-0.5485709143268538
21.6,1617,Human,0,0,0,20,3193.170161617434,-21.6,-0.5485709143268538
110.88333333333334,1620,Human,0,0,0,59,2465.2686567958503,-110.88333333333334,-0.5485709143268538
129.95,1623,Human,0,0,0,69,5119.964997644607,-129.95,-0.5485709143268538
128.51666666666668,1625,Human,0,0,0,68,3307.4701747069466,-128.51666666666668,-0.5485709143268538
103.26666666666667,1628,Human,0,0,0,56,878.486805012773,-103.26666666666667,-0.5485709143268538
126.48333333333333,1629,Human,0,0,0,67,2412.1095948795237,-126.48333333333333,-0.5485709143268538
35.15,1630,Human,0,0,0,29,3597.5117569315503,-35.15,-0.5485709143268538
47.53333333333333,1631,Human,0,0,0,36,2036.8570879617894,-47.53333333333333,-0.5485709143268538
91.45,1632,Human,0,0,0,52,3205.4334533532087,-91.45,-0.5485709143268538
83.23333333333333,1633,Human,0,0,0,49,3790.653202116465,-83.23333333333333,-0.5485709143268538
97.18333333333334,1634,Human,0,0,0,54,4721.064450547506,-97.18333333333334,-0.5485709143268538
86.28333333333333,1645,Human,0,0,0,50,3593.337988733079,-86.28333333333333,-0.5485709143268538
81.25,1646,Human,0,0,0,48,1065.1936878884153,-81.25,-0.5485709143268538
129.33333333333334,1647,Human,0,0,0,69,3957.4283963942416,-129.33333333333334,-0.5485709143268538
77.68333333333334,1648,Human,0,0,0,47,3722.401456721612,-77.68333333333334,-0.5485709143268538
52.63333333333333,1649,Human,0,0,0,38,3386.160195224119,-52.63333333333333,-0.5485709143268538
61.0,1650,Human,0,0,0,41,414.58673194482935,-61.0,-0.5485709143268538
132.61666666666667,1651,Human,0,0,0,71,1866.6694862184365,-132.61666666666667,-0.5485709143268538
74.53333333333333,1654,Human,0,0,0,46,819.2094616470367,-74.53333333333333,-0.5485709143268538
24.783333333333335,1655,Human,0,0,0,23,4831.79064585597,-24.783333333333335,-0.5485709143268538
21.766666666666666,1657,Human,0,0,0,20,1876.035040134644,-21.766666666666666,-0.5485709143268538
118.01666666666667,1658,Human,0,0,0,62,2219.3839346064206,-118.01666666666667,-0.5485709143268538
154.3,1660,Human,0,0,0,89,2956.968848525514,-154.3,-0.5485709143268538
37.81666666666667,1661,Human,0,0,0,31,2646.212015875044,-37.81666666666667,-0.5485709143268538
144.38333333333333,1663,Human,0,0,0,79,2579.0095048171997,-144.38333333333333,-0.5485709143268538
130.63333333333333,1664,Human,0,0,0,69,6150.947907526972,-130.63333333333333,-0.5485709143268538
52.21666666666667,1665,Human,0,0,0,38,4110.576712512982,-52.21666666666667,-0.5485709143268538
97.7,1668,Human,0,0,0,54,999.6298997354277,-97.7,-0.5485709143268538
52.43333333333333,1669,Human,0,0,0,38,3908.729203299118,-52.43333333333333,-0.5485709143268538
90.56666666666666,1672,Human,0,0,0,52,4220.885626084689,-90.56666666666666,-0.5485709143268538
106.86666666666666,1673,Human,0,0,0,57,3845.835967143533,-106.86666666666666,-0.5485709143268538
25.633333333333333,1675,Human,0,0,0,23,1872.7341416424324,-25.633333333333333,-0.5485709143268538
125.26666666666667,1676,Human,0,0,0,66,773.3275757378522,-125.26666666666667,-0.5485709143268538
50.35,1678,Human,0,0,0,37,1306.031235919197,-50.35,-0.5485709143268538
26.133333333333333,1680,Human,0,0,0,24,2031.3272612294952,-26.133333333333333,-0.5485709143268538
39.18333333333333,1681,Human,0,0,0,32,5486.9433292809135,-39.18333333333333,-0.5485709143268538
60.78333333333333,1682,Human,0,0,0,41,3111.047960932376,-60.78333333333333,-0.5485709143268538
130.8,1683,Human,0,0,0,70,3936.9741758523915,-130.8,-0.5485709143268538
55.3,1684,Human,0,0,0,39,1092.1791298038477,-55.3,-0.5485709143268538
78.13333333333334,1688,Human,0,0,0,47,2978.236939607724,-78.13333333333334,-0.5485709143268538
121.68333333333334,1689,Human,0,0,0,64,3638.379149739765,-121.68333333333334,-0.5485709143268538
25.25,1691,Human,0,0,0,23,2599.103743285818,-25.25,-0.5485709143268538
59.95,1693,Human,0,0,0,41,1167.434964507116,-59.95,-0.5485709143268538
103.1,1695,Human,0,0,0,56,681.5962632432445,-103.1,-0.5485709143268538
63.516666666666666,1696,Human,0,0,0,42,312.4385372711872,-63.516666666666666,-0.5485709143268538
93.93333333333334,1699,Human,0,0,0,53,2768.6013586548906,-93.93333333333334,-0.5485709143268538
38.1,1700,Human,0,0,0,31,5266.970185927373,-38.1,-0.5485709143268538
61.18333333333333,1701,Human,0,0,0,41,2347.909585879527,-61.18333333333333,-0.5485709143268538
12.333333333333334,1703,Human,0,0,0,11,2611.9377202542623,-12.333333333333334,-0.5485709143268538
97.45,1707,Human,0,0,0,54,1504.7443967853715,-97.45,-0.5485709143268538
78.0,1709,Human,0,0,0,47,3147.128392756821,-78.0,-0.5485709143268538
113.7,1712,Human,0,0,0,60,3716.092063221434,-113.7,-0.5485709143268538
90.71666666666667,1715,Human,0,0,0,52,6375.443773240631,-90.71666666666667,-0.5485709143268538
60.63333333333333,1717,Human,0,0,0,41,3328.366870733346,-60.63333333333333,-0.5485709143268538
125.9,1720,Human,0,0,0,67,1145.3791781295486,-125.9,-0.5485709143268538
29.316666666666666,1721,Human,0,0,0,26,1028.973783870905,-29.316666666666666,-0.5485709143268538
53.083333333333336,1722,Human,0,0,0,38,1867.2439872043715,-53.083333333333336,-0.5485709143268538
127.45,1724,Human,0,0,0,68,3316.4089400065986,-127.45,-0.5485709143268538
43.916666666666664,1726,Human,0,0,0,34,2623.718220679112,-43.916666666666664,-0.5485709143268538
88.4,1728,Human,0,0,0,51,3889.483166978942,-88.4,-0.5485709143268538
85.81666666666666,1729,Human,0,0,0,50,3012.1377609677143,-85.81666666666666,-0.5485709143268538
74.48333333333333,1732,Human,0,0,0,46,2687.144155369663,-74.48333333333333,-0.5485709143268538
60.083333333333336,1734,Human,0,0,0,41,1082.0568468565637,-60.083333333333336,-0.5485709143268538
30.666666666666668,1736,Human,0,0,0,27,2410.0068438748003,-30.666666666666668,-0.5485709143268538
47.6,1738,Human,0,0,0,36,2112.109379661853,-47.6,-0.5485709143268538
100.6,1747,Human,0,0,0,55,1692.558781645902,-100.6,-0.5485709143268538
60.85,1748,Human,0,0,0,41,3616.9121094222514,-60.85,-0.5485709143268538
122.1,1749,Human,0,0,0,64,1117.4787291748135,-122.1,-0.5485709143268538
50.53333333333333,1750,Human,0,0,0,37,2717.018439579827,-50.53333333333333,-0.5485709143268538
56.45,1751,Human,0,0,0,39,1501.0098601875338,-56.45,-0.5485709143268538
54.95,1752,Human,0,0,0,39,159.3895633397151,-54.95,-0.5485709143268538
127.83333333333333,1754,Human,0,0,0,68,5493.826881689994,-127.83333333333333,-0.5485709143268538
39.35,1758,Human,0,0,0,32,959.9585645774,-39.35,-0.5485709143268538
50.28333333333333,1761,Human,0,0,0,37,4066.2464695112576,-50.28333333333333,-0.5485709143268538
39.6,1763,Human,0,0,0,32,2547.75284145241,-39.6,-0.5485709143268538
78.46666666666667,1765,Human,0,0,0,47,1950.0646050371317,-78.46666666666667,-0.5485709143268538
121.83333333333333,1767,Human,0,0,0,64,2503.9833160634576,-121.83333333333333,-0.5485709143268538
43.61666666666667,1768,Human,0,0,0,34,2142.1267750110014,-43.61666666666667,-0.5485709143268538
143.61666666666667,1773,Human,0,0,0,78,5083.066524728678,-143.61666666666667,-0.5485709143268538
37.9,1778,Human,0,0,0,31,1671.194192033842,-37.9,-0.5485709143268538
88.65,1781,Human,0,0,0,51,4478.871363582113,-88.65,-0.5485709143268538
10.233333333333333,1782,Human,0,0,0,9,2451.9158125081394,-10.233333333333333,-0.5485709143268538
115.56666666666666,1784,Human,0,0,0,61,3183.2846276166592,-115.56666666666666,-0.5485709143268538
24.15,1790,Human,0,0,0,22,1187.4766816951737,-24.15,-0.5485709143268538
97.63333333333334,1792,Human,0,0,0,54,2633.7791991553036,-97.63333333333334,-0.5485709143268538
69.3,1793,Human,0,0,0,44,3267.294142321174,-69.3,-0.5485709143268538
20.6,1794,Human,0,0,0,19,465.26530939412373,-20.6,-0.5485709143268538
63.35,1799,Human,0,0,0,42,159.2407791106143,-63.35,-0.5485709143268538
69.48333333333333,1802,Human,0,0,0,44,2058.1393470521625,-69.48333333333333,-0.5485709143268538
65.95,1803,Human,0,0,0,43,1840.7696816068967,-65.95,-0.5485709143268538
18.6,1805,Human,0,0,0,17,3685.9598319525144,-18.6,-0.5485709143268538
82.76666666666667,1807,Human,0,0,0,49,1362.5482710601204,-82.76666666666667,-0.5485709143268538
85.73333333333333,1808,Human,0,0,0,50,1308.903248214147,-85.73333333333333,-0.5485709143268538
125.33333333333333,1809,Human,0,0,0,66,889.4838481479433,-125.33333333333333,-0.5485709143268538
18.75,1811,Human,0,0,0,17,3636.2928737312473,-18.75,-0.5485709143268538
91.21666666666667,1814,Human,0,0,0,52,781.9960541244936,-91.21666666666667,-0.5485709143268538
63.28333333333333,1815,Human,0,0,0,42,5307.985186567904,-63.28333333333333,-0.5485709143268538
115.96666666666667,1816,Human,0,0,0,61,1836.4656393391608,-115.96666666666667,-0.5485709143268538
123.26666666666667,1817,Human,0,0,0,65,3659.5671428289215,-123.26666666666667,-0.5485709143268538
15.266666666666667,1820,Human,0,0,0,14,1458.0748346843766,-15.266666666666667,-0.5485709143268538
113.85,1823,Human,0,0,0,60,3685.863177251944,-113.85,-0.5485709143268538
121.3,1826,Human,0,0,0,64,467.762991585216,-121.3,-0.5485709143268538
139.7,1827,Human,0,0,0,75,5321.0738018238235,-139.7,-0.5485709143268538
46.18333333333333,1828,Human,0,0,0,35,3807.6585366069417,-46.18333333333333,-0.5485709143268538
74.63333333333334,1829,Human,0,0,0,46,1826.094469728178,-74.63333333333334,-0.5485709143268538
118.3,1830,Human,0,0,0,62,5609.941572646059,-118.3,-0.5485709143268538
38.21666666666667,1832,Human,0,0,0,31,2889.263872870813,-38.21666666666667,-0.5485709143268538
104.01666666666667,1833,Human,0,0,0,56,3559.998433209448,-104.01666666666667,-0.5485709143268538
110.68333333333334,1834,Human,0,0,0,59,3877.428734189505,-110.68333333333334,-0.5485709143268538
88.46666666666667,1835,Human,0,0,0,51,3171.8844999973016,-88.46666666666667,-0.5485709143268538
71.85,1837,Human,0,0,0,45,2001.790641082295,-71.85,-0.5485709143268538
57.13333333333333,1840,Human,0,0,0,40,2128.4039285380695,-57.13333333333333,-0.5485709143268538
86.38333333333334,1841,Human,0,0,0,50,2346.3944700438205,-86.38333333333334,-0.5485709143268538
32.96666666666667,1844,Human,0,0,0,28,4908.088619921416,-32.96666666666667,-0.5485709143268538
16.766666666666666,1845,Human,0,0,0,16,1612.2463034144848,-16.766666666666666,-0.5485709143268538
86.55,1846,Human,0,0,0,50,1029.6479208010358,-86.55,-0.5485709143268538
66.0,1848,Human,0,0,0,43,4358.512540887634,-66.0,-0.5485709143268538
54.46666666666667,1850,Human,0,0,0,39,1798.5925461832298,-54.46666666666667,-0.5485709143268538
72.68333333333334,1852,Human,0,0,0,45,4175.446225164052,-72.68333333333334,-0.5485709143268538
116.36666666666666,1853,Human,0,0,0,61,4079.6307141244815,-116.36666666666666,-0.5485709143268538
52.833333333333336,1855,Human,0,0,0,38,1661.042031550092,-52.833333333333336,-0.5485709143268538
78.3,1856,Human,0,0,0,47,3592.271297989409,-78.3,-0.5485709143268538
103.46666666666667,1858,Human,0,0,0,56,4051.7547261761383,-103.46666666666667,-0.5485709143268538
29.4,1859,Human,0,0,0,26,3471.8083448737234,-29.4,-0.5485709143268538
136.25,1862,Human,0,0,0,73,1325.122849307345,-136.25,-0.5485709143268538
126.18333333333334,1863,Human,0,0,0,67,2752.235983611073,-126.18333333333334,-0.5485709143268538
97.76666666666667,1864,Human,0,0,0,54,5771.260182292223,-97.76666666666667,-0.5485709143268538
74.71666666666667,1866,Human,0,0,0,46,478.6677224175912,-74.71666666666667,-0.5485709143268538
116.71666666666667,1867,Human,0,0,0,61,1262.7262254267948,-116.71666666666667,-0.5485709143268538
66.5,1868,Human,0,0,0,43,1087.7465831439563,-66.5,-0.5485709143268538
94.43333333333334,1869,Human,0,0,0,53,3460.7464050178005,-94.43333333333334,-0.5485709143268538
57.61666666666667,1871,Human,0,0,0,40,1493.4419363876054,-57.61666666666667,-0.5485709143268538
55.35,1872,Human,0,0,0,39,2610.899558725145,-55.35,-0.5485709143268538
36.15,1873,Human,0,0,0,30,4043.8557948998987,-36.15,-0.5485709143268538
20.45,1875,Human,0,0,0,19,2742.1115573630286,-20.45,-0.5485709143268538
136.43333333333334,1878,Human,0,0,0,73,1844.7613617289794,-136.43333333333334,-0.5485709143268538
88.55,1883,Human,0,0,0,51,3620.844960274265,-88.55,-0.5485709143268538
17.466666666666665,1884,Human,0,0,0,16,1238.7042318028682,-17.466666666666665,-0.5485709143268538
97.83333333333333,1885,Human,0,0,0,54,2452.2024141940037,-97.83333333333333,-0.5485709143268538
40.3,1886,Human,0,0,0,32,125.04287893720993,-40.3,-0.5485709143268538
25.75,1888,Human,0,0,0,23,3462.865076574327,-25.75,-0.5485709143268538
111.18333333333334,1889,Human,0,0,0,59,6127.307506526336,-111.18333333333334,-0.5485709143268538
106.98333333333333,1897,Human,0,0,0,57,1376.0057639303616,-106.98333333333333,-0.5485709143268538
40.016666666666666,1899,Human,0,0,0,32,3731.223963190839,-40.016666666666666,-0.5485709143268538
58.03333333333333,1900,Human,0,0,0,40,2785.7073383937486,-58.03333333333333,-0.5485709143268538
126.53333333333333,1901,Human,0,0,0,67,72.14686165893772,-126.53333333333333,-0.5485709143268538
113.51666666666667,1902,Human,0,0,0,60,3620.226056705214,-113.51666666666667,-0.5485709143268538
78.63333333333334,1903,Human,0,0,0,47,406.5668822050511,-78.63333333333334,-0.5485709143268538
114.01666666666667,1904,Human,0,0,0,60,3549.274305181684,-114.01666666666667,-0.5485709143268538
37.56666666666667,1905,Human,0,0,0,30,1443.4117677705278,-37.56666666666667,-0.5485709143268538
107.15,1909,Human,0,0,0,57,1180.7382298967866,-107.15,-0.5485709143268538
109.36666666666666,1911,Human,0,0,0,58,4281.713494449458,-109.36666666666666,-0.5485709143268538
110.95,1912,Human,0,0,0,59,6546.62688492662,-110.95,-0.5485709143268538
130.31666666666666,1914,Human,0,0,0,69,2405.7956306309234,-130.31666666666666,-0.5485709143268538
126.41666666666667,1917,Human,0,0,0,67,2928.733459832899,-126.41666666666667,-0.5485709143268538
28.6,1919,Human,0,0,0,25,2276.180761714273,-28.6,-0.5485709143268538
38.03333333333333,1920,Human,0,0,0,31,3330.7987378447037,-38.03333333333333,-0.5485709143268538
18.833333333333332,1922,Human,0,0,0,17,3028.753825966135,-18.833333333333332,-0.5485709143268538
82.86666666666666,1924,Human,0,0,0,49,3784.171412643199,-82.86666666666666,-0.5485709143268538
57.86666666666667,1926,Human,0,0,0,40,2910.705416123281,-57.86666666666667,-0.5485709143268538
41.85,1927,Human,0,0,0,33,2521.723369102445,-41.85,-0.5485709143268538
118.23333333333333,1929,Human,0,0,0,62,656.5693516496042,-118.23333333333333,-0.5485709143268538
22.25,1930,Human,0,0,0,21,2880.2400632451267,-22.25,-0.5485709143268538
45.85,1932,Human,0,0,0,35,2809.198786653876,-45.85,-0.5485709143268538
30.983333333333334,1934,Human,0,0,0,27,3251.9911463685175,-30.983333333333334,-0.5485709143268538
36.233333333333334,1937,Human,0,0,0,30,3951.5948568451704,-36.233333333333334,-0.5485709143268538
52.916666666666664,1938,Human,0,0,0,38,2583.6427125636033,-52.916666666666664,-0.5485709143268538
48.25,1939,Human,0,0,0,36,746.2332056063894,-48.25,-0.5485709143268538
88.3,1941,Human,0,0,0,51,1986.52104055985,-88.3,-0.5485709143268538
34.68333333333333,1942,Human,0,0,0,29,3736.7742141237877,-34.68333333333333,-0.5485709143268538
13.85,1943,Human,0,0,0,13,3381.6295604658653,-13.85,-0.5485709143268538
20.85,1945,Human,0,0,0,19,2651.931467859041,-20.85,-0.5485709143268538
50.63333333333333,1946,Human,0,0,0,37,2375.599284907374,-50.63333333333333,-0.5485709143268538
44.0,1947,Human,0,0,0,34,1173.1548656213558,-44.0,-0.5485709143268538
55.483333333333334,1953,Human,0,0,0,39,3503.705085538342,-55.483333333333334,-0.5485709143268538
94.85,1954,Human,0,0,0,53,6929.498299340717,-94.85,-0.5485709143268538
57.38333333333333,1959,Human,0,0,0,40,3740.5737502669767,-57.38333333333333,-0.5485709143268538
54.56666666666667,1961,Human,0,0,0,39,2266.339609648266,-54.56666666666667,-0.5485709143268538
72.16666666666667,1962,Human,0,0,0,45,4038.38902300438,-72.16666666666667,-0.5485709143268538
74.88333333333334,1963,Human,0,0,0,46,2171.3258017119365,-74.88333333333334,-0.5485709143268538
50.21666666666667,1964,Human,0,0,0,37,2850.3243061011867,-50.21666666666667,-0.5485709143268538
63.583333333333336,1968,Human,0,0,0,42,1987.5571921736982,-63.583333333333336,-0.5485709143268538
74.81666666666666,1970,Human,0,0,0,46,295.4995110881032,-74.81666666666666,-0.5485709143268538
69.4,1971,Human,0,0,0,44,3990.0866488089723,-69.4,-0.5485709143268538
143.05,1973,Human,0,0,0,78,2654.8456314068826,-143.05,-0.5485709143268538
94.53333333333333,1977,Human,0,0,0,53,2337.68181641747,-94.53333333333333,-0.5485709143268538
141.33333333333334,1978,Human,0,0,0,76,4253.6067237593215,-141.33333333333334,-0.5485709143268538
58.28333333333333,1981,Human,0,0,0,40,3828.3533153720273,-58.28333333333333,-0.5485709143268538
51.03333333333333,1987,Human,0,0,0,37,2577.208594038308,-51.03333333333333,-0.5485709143268538
30.716666666666665,1989,Human,0,0,0,27,3476.3065335728566,-30.716666666666665,-0.5485709143268538
104.4,1990,Human,0,0,0,56,3641.739364318737,-104.4,-0.5485709143268538
111.3,1991,Human,0,0,0,59,1232.7623149805104,-111.3,-0.5485709143268538
95.21666666666667,1992,Human,0,0,0,53,2993.2240446332817,-95.21666666666667,-0.5485709143268538
125.41666666666667,1993,Human,0,0,0,66,1107.8382322795428,-125.41666666666667,-0.5485709143268538
80.85,1997,Human,0,0,0,48,687.4477604285878,-80.85,-0.5485709143268538
